notice_id,title,agency,deadline,fit_score
4cf0250fd43b4ec6b2bd0cddc67a3090,66--FLOWMETER,DEPT OF DEFENSE.DEPT OF THE NAVY.NAVSUP.NAVSUP WEAPON SYSTEMS SUPPORT.NAVSUP WSS MECHANICSBURG.NAVSUP WEAPON SYSTEMS SUPPORT MECH,2026-04-21T16:30:00-04:00,85
d0151f6596eb4a3b92590f2c9e0a43cf,Commercial and Military Satellite Communications Operations Support (COSMOS),DEPT OF DEFENSE.DEPT OF THE AIR FORCE.AIR FORCE SPACE COMMAND.FA2518 USSF SPOC/SAIO,2026-05-01T11:00:00-06:00,85
f80eaa063bfa41d4bcb559e2051dc409,BIOLOGICAL TECHNICAL SUPPORT AND PUBLIC SAFETY CON,"INTERIOR, DEPARTMENT OF THE.US FISH AND WILDLIFE SERVICE.FWS SAT TEAM 3",2026-04-23T17:00:00-04:00,60
feda891e24e145748414327c630c27ff,"Pump, Hydraulic",DEPT OF DEFENSE.DEFENSE LOGISTICS AGENCY.DLA LAND.DLA LAND WARREN MICHIGAN.DLA LAND WARREN,2026-05-15T17:00:00-04:00,60
fdc0fe710b344fb6bee8e4d2059d9fe3,Construction of two ADA ramps at U.S. Embassy in Madrid,"STATE, DEPARTMENT OF.STATE, DEPARTMENT OF.US EMBASSY MADRID",2026-04-29T16:00:00+02:00,60
ce28904b000b4d98879a8e13ed1274f2,Y1DA--518-22-700 EHRM Infrastructure Upgrades Construction  Bedford VAMC,"VETERANS AFFAIRS, DEPARTMENT OF.VETERANS AFFAIRS, DEPARTMENT OF.PCAC (36C776)",2026-04-27T13:00:00-04:00,60
45443cda2cc041ffa22cc8a348f106fe,Procurement of NUT,DEPT OF DEFENSE.DEPT OF THE NAVY.NAVSUP.NAVSUP WEAPON SYSTEMS SUPPORT.NAVSUP WSS MECHANICSBURG.NAVSUP WEAPON SYSTEMS SUPPORT MECH,2026-05-08T16:30:00-04:00,85
e5e916fa87a24cedab57f5cfe98fed39,Request for Whitepapers: Advanced NAV-WAR Open Air (ANOA) System,DEPT OF DEFENSE.DEPT OF THE AIR FORCE.AIR FORCE MATERIEL COMMAND.AIR FORCE TEST CENTER.FA9101  AEDC PKP   PROCRMNT BR,2026-05-29T17:00:00-05:00,85
ec9bcb476407420d882f7ff1d7c27b4f,"Motor, Alternating C",DEPT OF DEFENSE.DEFENSE LOGISTICS AGENCY.DLA MARITIME.DLA MARITIME MECHANICSBURG.SPRMM1 DLA MECHANICSBURG,2026-05-07T16:30:00-04:00,80
e79f44b1bef34316b399aee1a2ccd56f,Medical Air GAs and Piping Installation,"VETERANS AFFAIRS, DEPARTMENT OF.VETERANS AFFAIRS, DEPARTMENT OF.257-NETWORK CONTRACT OFFICE 17 (36C257)",2026-04-17T13:00:00-05:00,60
b4e70e2fa3a343b3a098231346e0c2fd,Bronze Plate,DEPT OF DEFENSE.DEFENSE LOGISTICS AGENCY.DLA MARITIME.DLA MARITIME SHIPYARDS.DLA MARITIME - PUGET SOUND,2026-04-17T12:00:00-07:00,85
87b056f8932c46e096183a66ba04b4dd,"MAHG231024 Repair Foster Manor HVAC, B6965",DEPT OF DEFENSE.DEPT OF THE AIR FORCE.AIR EDUCATION AND TRAINING COMMAND.FA3010  81 CONS CC,2026-04-27T11:00:00-05:00,85
e1ead03967c14bb7849878c3891e0531,F-35 Radar Sustainment Support Follow-On,DEPT OF DEFENSE.DEPT OF THE AIR FORCE.AIR FORCE MATERIEL COMMAND.AIR FORCE SUSTAINMENT CENTER.FA8579  SOFTWARE SPRT AFSC PZIM,2026-05-13T16:00:00-04:00,85
dfebd4f0326d4166a29e3fed3dd8a91d,"59 - CCA, DIGITAL I/O",DEPT OF DEFENSE.DEFENSE LOGISTICS AGENCY.DLA MARITIME.DLA MARITIME MECHANICSBURG.SPRMM1 DLA MECHANICSBURG,2026-05-15T16:00:00-04:00,85
dc3889c65807442691049747fd06bc84,"Motor, Alternating C","DEPT OF DEFENSE.DEFENSE LOGISTICS AGENCY.DLA AVIATION.DLA AVIATION PHILADELPHIA.DLA AVIATION AT PHILADELPHIA, PA",2026-05-08T14:00:00-04:00,85
d812922cfb39463d90642c97ccce2eb7,Metal Dumping Cart and Various Parts for Watervliet Arsenal,DEPT OF DEFENSE.DEPT OF THE ARMY.AMC.ACC.ACC-CTRS.ACC-DTA.W6QK ACC WVA,2026-04-27T16:00:00-04:00,85
376b0dd1a2b24e23a49e760f0bc1d7a8,"BAR,METAL",DEPT OF DEFENSE.DEPT OF THE NAVY.NAVSUP.NAVSUP WEAPON SYSTEMS SUPPORT.NAVSUP WSS MECHANICSBURG.NAVSUP WEAPON SYSTEMS SUPPORT MECH,2026-04-30T16:30:00-04:00,85
d995198f3f364b3aaaceaaf6adcf65c2,National Capital Zone Mixed Metals Scrap Term Contract,"GENERAL SERVICES ADMINISTRATION.FEDERAL ACQUISITION SERVICE.GSA/FAS/GSS/QSCA, MULTIPLE AWARD SCHEDULE CONTRACTING DIVISION",2026-04-30T17:00:00-05:00,60
aeaf6ff034e24d8687f204b9ffe68d9c,"Port Monmouth Hurricane and Storm Damage Reduction Project in Middletown Township, Monmouth County, New Jersey.",DEPT OF DEFENSE.DEPT OF THE ARMY.US ARMY CORPS OF ENGINEERS.ENGINEER DIVISION NORTH ATLANTIC.ENDIST NEW YORK.W2SD ENDIST NEW YORK,2026-05-20T14:00:00-04:00,60
d23ed15d0ba14e52bbcc3ee194dde38e,36C78626Q50099 Unarmed Security - Sac Valley NC -- S206,"VETERANS AFFAIRS, DEPARTMENT OF.VETERANS AFFAIRS, DEPARTMENT OF.NATIONAL CEMETERY ADMIN (36C786)",2026-05-01T10:00:00+00:00,60
cf4b386b8da94c01bdb172cd9c7368b3,"Aircraft Maintenance Hangar at CSL Comalapa, El Salvador",DEPT OF DEFENSE.DEPT OF THE ARMY.US ARMY CORPS OF ENGINEERS.ENGINEER DIVISION SOUTH ATLANTIC.ENDIST MOBILE.W074 ENDIST MOBILE,2026-05-08T14:00:00-05:00,60
ce125ff26a064255b067042532f88e82,G099--Alexandria HCHV Contract Residential Services  (VA-26-00026390),"VETERANS AFFAIRS, DEPARTMENT OF.VETERANS AFFAIRS, DEPARTMENT OF.256-NETWORK CONTRACT OFFICE 16 (36C256)",2026-04-27T12:00:00-05:00,40
d010db9018524b90832364aa2cb5fd6a,Marine Corps Base Camp Pendleton (MCBCP) Base Operations Support Contract (BOSC),DEPT OF DEFENSE.DEPT OF THE NAVY.NAVFAC.NAVFAC PACIFIC CMD.NAVFAC SOUTHWEST SW.NAVFACSYSCOM SOUTHWEST,2026-04-27T14:00:00-07:00,85
d29ff83529254dacaea46d78c25cd10d,VACUUM PUMP UNIT,DEPT OF DEFENSE.DEPT OF THE NAVY.NAVSUP.NAVSUP WEAPON SYSTEMS SUPPORT.NAVSUP WSS MECHANICSBURG.NAVSUP WEAPON SYSTEMS SUPPORT MECH,2026-05-11T16:30:00-04:00,85
ab2e0f526f114479931f5860ccd2f6e2,Rheumatology Digital Ultrasound and Accessories,"VETERANS AFFAIRS, DEPARTMENT OF.VETERANS AFFAIRS, DEPARTMENT OF.262F NCO 22 NON VA CARE (00262F)",2026-05-07T12:00:00-07:00,82
df4cf1f2f157470793e042c44bdc2eae,Water Handling for Region 6 - Pacific Northwest Region,"AGRICULTURE, DEPARTMENT OF.FOREST SERVICE.PACIFIC NORTHWEST REGIONAL OFFICE",2026-05-11T02:00:00,85
bc85f0a3c23141d7995ea3b5eb99cadc,NCAO 15 Data Collection Systems-Data Control Platf,"INTERIOR, DEPARTMENT OF THE.BUREAU OF RECLAMATION.MP-REGIONAL OFFICE",2026-04-23T15:00:00-07:00,80
01ac04ff7b9e43c6bef965054ce0d91c,Solicitation_Firing Mechanism,DEPT OF DEFENSE.DEPT OF THE ARMY.AMC.ACC.ACC-CTRS.ACC-DTA.W6QK ACC- DTA,2026-05-12T15:30:00-04:00,85
bc4b2e5368b242a5b674a5d35cabacdb,N6133126R0007,DEPT OF DEFENSE.DEPT OF THE NAVY.NAVSEA.NAVSEA WARFARE CENTER.NAVAL SURFACE WARFARE CENTER,2026-04-30T12:00:00-06:00,85
2a364cee9b834bf0870106d281e9986f,"Test Unit, Breaker SPRMM1-26-Q-GB56",DEPT OF DEFENSE.DEFENSE LOGISTICS AGENCY.DLA MARITIME.DLA MARITIME MECHANICSBURG.SPRMM1 DLA MECHANICSBURG,2026-04-30T16:00:00-04:00,85
f4ea4f7968af4702864a6a41849e7eda,"PARTS KIT,BALL VALV",DEPT OF DEFENSE.DEPT OF THE NAVY.NAVSUP.NAVSUP WEAPON SYSTEMS SUPPORT.NAVSUP WSS MECHANICSBURG.NAVSUP WEAPON SYSTEMS SUPPORT MECH,2026-04-30T16:30:00-04:00,82
ee2a328804324eeaae599722d7dd7a2f,Naval Information Warfare Center (NIWC) Atlantic United States Marine Corps (USMC) Intelligence Engineering Sustainment/ Cyber Support  N6523626RE025,DEPT OF DEFENSE.DEPT OF THE NAVY.SPAWAR.SPAWAR LANT.NIWC ATLANTIC,2026-04-27T12:00:00-04:00,60
c1df89fa10d64151bfd693ccc1d2d02a,2BDE JCLC BUTLER MEALS LODGING TRAINING SUPPORT,DEPT OF DEFENSE.DEPT OF THE ARMY.AMC.ACC.MISSION INSTALLATION CONTRACTING COMMAND.FDO SAM HOUSTON.W6QM MICC-FT KNOX,2026-04-20T12:00:00-04:00,85
bf5e2b944b14424d940ce64f393bfbb4,2026 Honda CR-V Hybrid (AWD),"ENERGY, DEPARTMENT OF.ENERGY, DEPARTMENT OF.ARGONNE NATL LAB - DOE CONTRACTOR",2026-04-20T17:00:00-05:00,60
bf772bbe14b14faf8156336f82ff8546,"Design-Bid-Build, P1102 Weapons Magazine and Ordnance Operations Facility, Naval Submarine Base New London, Groton, Connecticut",DEPT OF DEFENSE.DEPT OF THE NAVY.NAVFAC.NAVFAC ATLANTIC CMD.NAVFAC MID-ATLANTIC.NAVFACSYSCOM MID-ATLANTIC,2026-05-14T14:00:00-04:00,60
c91b89ea8a714b8488d71a51b781232b,CENTRIFUGAL PUMP UNIT,DEPT OF DEFENSE.DEFENSE LOGISTICS AGENCY.DLA MARITIME.DLA MARITIME MECHANICSBURG.SPRMM1 DLA MECHANICSBURG,2026-05-15T17:00:00-04:00,60
cd7ecebe2b06404d8b9815e0f183aaa9,Z--Red Mountain Road Upgrade 2026,"INTERIOR, DEPARTMENT OF THE.BUREAU OF LAND MANAGEMENT.CALIFORNIA STATE OFFICE",2026-05-15T17:00:00-07:00,85
ecd93172b0614d7d858c8d06f8f3bd7c,4460--AHU Filters and Belts | Wilkes-Barre VA Medical Center,"VETERANS AFFAIRS, DEPARTMENT OF.VETERANS AFFAIRS, DEPARTMENT OF.244-NETWORK CONTRACT OFFICE 4 (36C244)",2026-05-01T16:00:00-04:00,60
ac1de690950748209ccfdde3b4f2044b,Ordnance Handling Equipment,DEPT OF DEFENSE.DEPT OF THE NAVY.NAVSEA.NAVSEA WARFARE CENTER.NSWC INDIAN HEAD DIVISION,2026-05-06T16:00:00-05:00,85
b3b52ff0cea1435f9060c8d422508b2a,USNS JOSHUA HUMPHREYS (T-AO 188) FY27 ROH/DD,DEPT OF DEFENSE.DEPT OF THE NAVY.MSC.MSC HQS.MSCHQ NORFOLK,2026-04-23T13:00:00-04:00,85
b22b92c4b8384409bc3aad03365004bf,"61--CABLE ASSEMBLY,SPEC",DEPT OF DEFENSE.DEPT OF THE NAVY.NAVSUP.NAVSUP WEAPON SYSTEMS SUPPORT.NAVSUP WSS MECHANICSBURG.NAVSUP WEAPON SYSTEMS SUPPORT MECH,2026-05-11T16:30:00-04:00,85
b016a5fd12ee4262b6e84883a4be1c86,MNCC ICA,DEPT OF DEFENSE.DEPT OF THE NAVY.NAVSUP.NAVSUP GLOBAL LOGISTICS SUPPORT.NAVSUP FLC NORFOLK.NAVSUP FLT LOG CTR NORFOLK,2026-04-30T17:00:00-05:00,85
af166d1442c642bfaab9c0620fc29f43,Wood Packaging Components,DEPT OF DEFENSE.DEPT OF THE ARMY.AMC.ACC.ACC-CTRS.ACC RI.W6QK ACC-RI,2026-04-17T12:00:00-05:00,80
f40018c4e8394c98af3555e336a149f8,Physical Access Control System (PACS) and Intrusion Detection System (IDS) Upgrade,DEPT OF DEFENSE.DEPT OF THE ARMY.AMC.ACC.ACC-CTRS.ACC-APG.W6QK ACC-APG CONT CT SW SECTOR,2026-04-24T09:00:00-06:00,60
82fed9bb5adb43e3b1ae570f2d05c2a4,PROJECT TITLE: JOB ORDER CONTRACT (JOC) - SATOC IDIQ,DEPT OF DEFENSE.DEPT OF THE ARMY.AMC.ACC.ACC-OO.414TH CSB.0414 AQ HQ     CONTRACT AUG,2026-04-27T15:00:00+02:00,60
5802f25314ef4eebbbfc0d8de6b99154,"Solicitation Amendment_W90VN726RA012_New SVC._Preventive Maintenance of Paint Booth Equipment, Kunsan AB",DEPT OF DEFENSE.DEPT OF THE ARMY.AMC.ACC.ACC-OO.411TH CSB.0906 AQ CO     DET B CONTRACTI,2026-04-24T13:00:00+09:00,60
858e66bc7c044eef92a6b885c95dd298,Pre-Deployment Yellow Ribbon Event,DEPT OF DEFENSE.DEPT OF THE ARMY.NATIONAL GUARD BUREAU.JFHQ USPFO ME.USPFO ME PROCUREMENT.W7NC USPFO ACTIVITY ME ARNG,2026-05-08T13:00:00-04:00,60
36d06eecb5fb48159a589c03d9c62089,Solicitation_Firing Mechanism,DEPT OF DEFENSE.DEPT OF THE ARMY.AMC.ACC.ACC-CTRS.ACC-DTA.W6QK ACC- DTA,2026-05-12T15:30:00-04:00,80
d8a1c4574cdc4b43ac0eba7c094b2651,FMS-Solicitation-N0038326QF122-PR-N0038326PR0R498,DEPT OF DEFENSE.DEPT OF THE NAVY.NAVSUP.NAVSUP WEAPON SYSTEMS SUPPORT.NAVSUP WSS PHILADELPHIA.NAVSUP WEAPON SYSTEMS SUPPORT,2026-05-16T14:00:00-04:00,85
f9f0dd23f1324c95bd239852955ef27e,Postwide Construction Multiple Award Task Order Contract (MATOC),DEPT OF DEFENSE.DEPT OF THE ARMY.AMC.ACC.ACC-CTRS.ACC-APG.W6QK ACC-APG DIR,2026-04-28T10:00:00-04:00,85
9104bace305141d8bdb18394f4145a57,American Fair: Freedom 250 in Chiang Mai,"STATE, DEPARTMENT OF.STATE, DEPARTMENT OF.AMERICAN EMBASSY CHIANG MAI",2026-04-23T16:00:00+08:00,60
c1179032c1cf4d8ca8799274a043822d,48 RQS - DZCO Deployment Kit,DEPT OF DEFENSE.DEPT OF THE AIR FORCE.AIR COMBAT COMMAND.FA4877  355 CONS PK,2026-04-24T13:00:00-07:00,85
2fc8ce36976b41febcb5aa61ccb3307c,"SOLENOID,ELECTRICAL",DEPT OF DEFENSE.DEFENSE LOGISTICS AGENCY.DLA MARITIME.DLA MARITIME MECHANICSBURG.SPRMM1 DLA MECHANICSBURG,2026-05-18T16:00:00-04:00,85
0ed44eabfec64f5a9f2779e1dbc3b1e7,"Unaccompanied Enlisted Personnel Housing (UEPH), Joint Base Myers Henderson-Hall (JBMHH), Fort Myer, Virginia",DEPT OF DEFENSE.DEPT OF THE ARMY.US ARMY CORPS OF ENGINEERS.ENGINEER DIVISION NORTH ATLANTIC.ENDIST BALTIMORE.W2SD ENDIST BALTIMORE,2026-05-28T11:00:00-04:00,85
a441109b4175498eb03e1499508a6d51,Collective Joint Training,DEPT OF DEFENSE.DEPT OF THE NAVY.NAVSUP.NAVSUP GLOBAL LOGISTICS SUPPORT.NAVSUP FLC NORFOLK.NAVSUP FLT LOG CTR NORFOLK,2026-05-15T13:00:00-04:00,85
21e62755a9464e3b967bc49deab8d962,"Grey Towers Historic  Terrace and Walkways Preservation Construction, Pennsylvania (GAOA)","AGRICULTURE, DEPARTMENT OF.FOREST SERVICE.USDA FOREST SVC GIFFORD PINCHOT",2026-04-24T12:00:00-04:00,85
8431f522b6fc4810a284e7dac0440611,"FRENCH PRESS,SPEAKER,LUNCHBOX,TUMBLER, BACKPACK",DEPT OF DEFENSE.DEFENSE LOGISTICS AGENCY.DLA MARITIME.DLA MARITIME SHIPYARDS.DLA MARITIME - PUGET SOUND,2026-04-17T23:00:00-07:00,60
f45f0fe41d95438b9c480d9e0b6224fb,Temporary Fire and Flood Detection System Services,DEPT OF DEFENSE.DEPT OF THE NAVY.NAVSUP.NAVSUP GLOBAL LOGISTICS SUPPORT.NAVSUP FLC YOKOSUKA.NAVSUP FLT LOG CTR  YOKOSUKA,2026-04-30T11:00:00+09:00,60
e1f6689c38f34776a7c3c77b633045e2,Repair of the B-2 Attitude Motion Sensor Set (AMSS) and Inertial Measurement Unit (IMU),DEPT OF DEFENSE.DEPT OF THE AIR FORCE.AIR FORCE MATERIEL COMMAND.AIR FORCE SUSTAINMENT CENTER.FA8117  AFSC PZABA,2026-05-18T15:00:00-05:00,85
d48ef16533294dd38ab46d13bd0a6f4a,"Special Tactics Complex, Oregon Air National Guard",DEPT OF DEFENSE.DEPT OF THE ARMY.US ARMY CORPS OF ENGINEERS.ENGINEER DIVISION NORTHWESTERN.ENDIST SEATTLE.W071 ENDIST SEATTLE,2026-05-04T11:00:00-07:00,85
f664e3c8f2bc4ded8dd07bd4038ef345,Olmsted Lock and Dam Access Road 53 Repairs,DEPT OF DEFENSE.DEPT OF THE ARMY.US ARMY CORPS OF ENGINEERS.ENGINEER DIVISION GREAT LAKES AND OHIO.ENDIST LOUISVILLE.W072 ENDIST LOUISVILLE,2026-04-22T13:00:00-04:00,60
c571e0092fa04ca99b18e5d82fa20318,"Procurement of BOLT,SHOULDER",DEPT OF DEFENSE.DEPT OF THE NAVY.NAVSUP.NAVSUP WEAPON SYSTEMS SUPPORT.NAVSUP WSS MECHANICSBURG.NAVSUP WEAPON SYSTEMS SUPPORT MECH,2026-05-04T16:30:00-04:00,82
b032d70e4a6f4aafb83c31281b68faeb,56--WALLPAPER REPRODUCTION SERVICE FOR MAGGIE WALKER L,"INTERIOR, DEPARTMENT OF THE.NATIONAL PARK SERVICE.NER SERVICES MABO (43000)",2026-05-06T12:00:00-04:00,60
b6e94bfee10d4761aefe479e7e87ce0a,66--FLOWMETER,DEPT OF DEFENSE.DEPT OF THE NAVY.NAVSUP.NAVSUP WEAPON SYSTEMS SUPPORT.NAVSUP WSS MECHANICSBURG.NAVSUP WEAPON SYSTEMS SUPPORT MECH,2026-04-21T16:30:00-04:00,85
2dedbdf9c4b4484e9378f0e239f205ad,CH-53K: FY26 O-Level Peculiar Support Equipment Group F,DEPT OF DEFENSE.DEPT OF THE NAVY.NAVAIR.NAVAIR NAWC AD.NAVAIR WARFARE CTR AIRCRAFT DIV,2026-05-14T13:00:00-04:00,85
f1ba6a09b6c04138817e4fd7a965f508,"Camunda Enterprise Software Licensing, Software Maintenance and Software Support",DEPT OF DEFENSE.DEFENSE FINANCE AND ACCOUNTING SERVICE (DFAS).DEFENSE FINANCE AND ACCOUNTING SVC,2026-05-01T13:00:00-04:00,85
ff64043f4b2a4dc49ca4a8f163a78bf2,"FITTING,PLUG",DEPT OF DEFENSE.DEPT OF THE NAVY.NAVSUP.NAVSUP WEAPON SYSTEMS SUPPORT.NAVSUP WSS MECHANICSBURG.NAVSUP WEAPON SYSTEMS SUPPORT MECH,2026-06-15T16:30:00-04:00,60
f5734e3ae08247ac8099e12191dd35d9,Z--GRTE Taggart Lake Area Renewal - PMIS 314711,"INTERIOR, DEPARTMENT OF THE.NATIONAL PARK SERVICE.IMR NORTHERN ROCKIES(12200)",2026-04-22T12:00:00-06:00,60
fe31861cc19448c1a4e1f431a39cd61d,Radio Frequency Identification,DEPT OF DEFENSE.DEPT OF THE AIR FORCE.AIR FORCE MATERIEL COMMAND.AIR FORCE SUSTAINMENT CENTER.FA8136  AFSC PZIOB,2026-04-23T16:00:00-04:00,85
a30f25f16ab54a56b737b0056eb67c8c,Y--Montezuma NWR New Multipurpose Facility,"INTERIOR, DEPARTMENT OF THE.US FISH AND WILDLIFE SERVICE.FWS, GAOA",2026-04-20T14:00:00-04:00,60
e69b6ec24f644426a364038d273bf910,180-day Dry Cargo Time Charter w/ 180-day Option,DEPT OF DEFENSE.DEPT OF THE NAVY.MSC.MSC HQS.MSCHQ NORFOLK,2026-04-30T13:00:00-04:00,85
ed4623d1a28b4a1593f9d7520fd2e03c,J045--626A4-22-202 - AJP-Upgrade Steam Distribution System,"VETERANS AFFAIRS, DEPARTMENT OF.VETERANS AFFAIRS, DEPARTMENT OF.249-NETWORK CONTRACT OFFICE 9 (36C249)",2026-05-18T13:00:00-05:00,60
ec5552e3a3994bb282e07fa0352d9ebc,NEARNG SVCTE and  EXEVAL,DEPT OF DEFENSE.DEPT OF THE ARMY.NATIONAL GUARD BUREAU.JFHQ USPFO NE.USPFO NE PROCUREMENT.W7NL USPFO ACTIVITY NE ARNG,2026-04-27T10:00:00-06:00,85
412b1499d5384c688debd3d39d0c0cad,Optical Spectrum Analyzer,DEPT OF DEFENSE.DEPT OF THE ARMY.AMC.ACC.ACC-CTRS.ACC RSA.W6QK ACC-RSA,2026-05-01T16:00:00-05:00,80
de70a9eb0f244008aaad4af6e3582b73,6525--Dental Panoramic X-Ray- Columbia VAMC,"VETERANS AFFAIRS, DEPARTMENT OF.VETERANS AFFAIRS, DEPARTMENT OF.255-NETWORK CONTRACT OFFICE 15 (36C255)",2026-04-23T08:00:00-05:00,85
d88c7fa6ab2e4b1dbb8e8a1c6639479f,Automatic External Defibrillator,"VETERANS AFFAIRS, DEPARTMENT OF.VETERANS AFFAIRS, DEPARTMENT OF.255-NETWORK CONTRACT OFFICE 15 (36C255)",2026-04-20T11:00:00-05:00,85
d57f8927b816436d8b7b184632c733e4,Y1BG--EHRM Infrastructure Upgrades Construction -  American Lake - Project 663A4-24-703,"VETERANS AFFAIRS, DEPARTMENT OF.VETERANS AFFAIRS, DEPARTMENT OF.PCAC (36C776)",2026-04-23T13:00:00-04:00,60
d2edb95076f441709f8979f02e2778c5,N00383-26-Q-AA38,DEPT OF DEFENSE.DEPT OF THE NAVY.NAVSUP.NAVSUP WEAPON SYSTEMS SUPPORT.NAVSUP WSS PHILADELPHIA.NAVSUP WEAPON SYSTEMS SUPPORT,2026-05-18T16:00:00-04:00,80
b2f2e7311e7c4bfa959aff9557d92113,Paramaribo/roof top unit replacement,"STATE, DEPARTMENT OF.STATE, DEPARTMENT OF.US EMBASSY PARAMARIBO",2026-05-04T16:00:00-03:00,60
ee210a09ae47456ebf780a359f1c4038,"Procurement of NUT,HEX .62-11 UNC",DEPT OF DEFENSE.DEPT OF THE NAVY.NAVSUP.NAVSUP WEAPON SYSTEMS SUPPORT.NAVSUP WSS MECHANICSBURG.NAVSUP WEAPON SYSTEMS SUPPORT MECH,2026-05-04T16:30:00-04:00,85
6fdf83dbfe724a60a3c787ffa1d58aa7,6530--DOMICILIARY Furniture,"VETERANS AFFAIRS, DEPARTMENT OF.VETERANS AFFAIRS, DEPARTMENT OF.246-NETWORK CONTRACTING OFFICE 6 (36C246)",2026-04-29T11:00:00-04:00,85
7e4ba2f1f63646c7a2a9051b1ef19f9c,CH-53K: FY26 O-Level Peculiar Support Equipment Group F,DEPT OF DEFENSE.DEPT OF THE NAVY.NAVAIR.NAVAIR NAWC AD.NAVAIR WARFARE CTR AIRCRAFT DIV,2026-05-14T13:00:00-04:00,85
de03498fcb9143c38caf20026d766d02,DDG 128 and DDG 130 Post Shakedown Availabilities At Norfolk,DEPT OF DEFENSE.DEPT OF THE NAVY.NAVSEA.NAVSEA HQ.NAVSEA HQ,2026-04-27T15:00:00-05:00,85
cc5c2a1fcf1b4cdeb595a1e0f668f2a2,Precision Grenadier System  Prototype Project Opportunity (PPON),DEPT OF DEFENSE.DEPT OF THE ARMY.AMC.ACC.ACC-CTRS.ACC-NJ.W6QK ACC-PICA,2026-06-01T13:00:00-04:00,85
c4780ab2a0d040c6adbe6628ffa8b1d9,DCNG Medical Surveillance,DEPT OF DEFENSE.DEPT OF THE ARMY.NATIONAL GUARD BUREAU.JFHQ USPFO DC.USPFO DC PROCUREMENT.W7M1 USPFO ACTIVITY DC ARNG,2026-05-08T11:00:00-04:00,85
459fd0b48b7e4b3b975707ba78122c45,AUV Support Services (Data Collection),"COMMERCE, DEPARTMENT OF.NATIONAL OCEANIC AND ATMOSPHERIC ADMINISTRATION.DEPT OF COMMERCE NOAA",2026-04-24T15:00:00-04:00,85
820f6ee2713748bc91d240ef49a5e645,"SPRING, ARM TORSION","HOMELAND SECURITY, DEPARTMENT OF.US COAST GUARD.SFLC PROCUREMENT BRANCH 2(00085)",2026-05-01T12:00:00-04:00,60
74cc9a095e5443bc959ac04e385d0a77,West Virginia JOC Ordering Agreement,POSTAL SERVICE.POSTAL SERVICE.SUPPLIES MATERIAL MGMT,2026-05-08T14:00:00-04:00,60
67363421f3c64918b5ca21e859ae2171,"Hard Drive and Tape Destruction Services for DFAS Indianapolis, IN",DEPT OF DEFENSE.DEFENSE FINANCE AND ACCOUNTING SERVICE (DFAS).DEFENSE FINANCE AND ACCOUNTING SVC,2026-04-30T12:00:00-04:00,60
4ee2064ecfa14c58b2ea843319df6c9e,Laboratory Supplies/Equipment,ENVIRONMENTAL PROTECTION AGENCY.ENVIRONMENTAL PROTECTION AGENCY.ORD SIMPLIFIED ACQ BRANCH (SAB),2026-04-28T16:30:00-04:00,82
274761b7dac243bc8942e1a7fc477cd8,USNS ROBERT F KENNEDY MTA FY27,DEPT OF DEFENSE.DEPT OF THE NAVY.MSC.MSC HQS.MSCHQ NORFOLK,2026-04-30T13:00:00-04:00,85
cf69de32fa1e4968985703fe35773dc1,Solicitation N4008526R0125,DEPT OF DEFENSE.DEPT OF THE NAVY.NAVFAC.NAVFAC ATLANTIC CMD.NAVFAC MID-ATLANTIC.NAVFACSYSCOM MID-ATLANTIC,2026-04-23T14:00:00-04:00,85
358cad5a1e3e4dec936a429b2658dcd2,"ANALYZER, ANTENNA",DEPT OF DEFENSE.DEFENSE LOGISTICS AGENCY.DLA MARITIME.DLA MARITIME MECHANICSBURG.SPRMM1 DLA MECHANICSBURG,2016-04-30T16:00:00-04:00,60
c380633e3d1c4fd4a74cd2f380d0dc0c,93--Stoplog Seals ,"INTERIOR, DEPARTMENT OF THE.BUREAU OF RECLAMATION.LOWER COLORADO REGIONAL OFFICE",2026-04-28T12:00:00-07:00,85
d0a03c10cb34478f91def1e5a59a7acc,THC Reagent Kits,DEPT OF DEFENSE.DEPT OF THE NAVY.NAVSUP.NAVSUP GLOBAL LOGISTICS SUPPORT.NAVSUP FLC NORFOLK.NAVSUP FLT LOG CTR NORFOLK,2026-05-15T13:00:00-04:00,85
9c4a5dfe6cf14eb29ad9b4cda88b211f,Steam Critical Spares,DEPT OF DEFENSE.DEPT OF THE NAVY.NAVSEA.NAVSEA WARFARE CENTER.NSWC PHILADELPHIA DIV,2026-04-27T17:00:00-05:00,85
e43b7b86c9bd45ef85584a45c6722c12,ELECTRONIC COMPONEN,DEPT OF DEFENSE.DEPT OF THE NAVY.NAVSUP.NAVSUP WEAPON SYSTEMS SUPPORT.NAVSUP WSS MECHANICSBURG.NAVSUP WEAPON SYSTEMS SUPPORT MECH,2026-05-05T17:00:00-04:00,85
bab9d0e960a7488eb2f065757fe61944,REHABILITATION OF MARSHALL FLOOD CONTROL WORK,DEPT OF DEFENSE.DEPT OF THE ARMY.US ARMY CORPS OF ENGINEERS.ENGINEER DIVISION MISSISSIPPI VALLEY.ENDIST ST PAUL.W07V ENDIST ST PAUL,2026-04-10T14:00:00-05:00,60
e13732293b8248859fc9d1793865d847,"City of McMechen, West Virginia, Stormwater Project - Section 219",DEPT OF DEFENSE.DEPT OF THE ARMY.US ARMY CORPS OF ENGINEERS.ENGINEER DIVISION GREAT LAKES AND OHIO.ENDIST PITTSBURGH.W072 ENDIST PITTSBURGH,2026-05-19T11:00:00-04:00,60
ba5aa4d4ff2e47bf89acc2795888037d,55--CROSSARM KITS AND T LINE ITEMS RESTOCK,"ENERGY, DEPARTMENT OF.ENERGY, DEPARTMENT OF.WESTERN-UPPER GREAT PLAINS REGION",2026-04-22T13:00:00-05:00,60
b4915db833cf499e9c939fffd67f7d82,Y1DA--NRM-CONST 630A4-17-433 Replace Boiler Plant Main Electrical  Switchgear,"VETERANS AFFAIRS, DEPARTMENT OF.VETERANS AFFAIRS, DEPARTMENT OF.242-NETWORK CONTRACT OFFICE 02 (36C242)",2026-05-14T11:00:00-04:00,60
f453998a38a640a3866e3c15cd6e6709,Dental Expansion Project Dental Instruments,"VETERANS AFFAIRS, DEPARTMENT OF.VETERANS AFFAIRS, DEPARTMENT OF.257-NETWORK CONTRACT OFFICE 17 (36C257)",2026-04-30T08:00:00-05:00,85
c031e32b025445eba4cae09a2a8820d0,Laser Tracker Refresh,DEPT OF DEFENSE.DEPT OF THE AIR FORCE.AIR FORCE MATERIEL COMMAND.AIR FORCE SUSTAINMENT CENTER.FA8125  AFSC PZIMA,2026-05-08T13:00:00-05:00,85
f9a598adf29748e0b4c8bd40b4020616,"B-21 80 Row Environmental Protection Shelters (EPS) at Ellsworth Air Force Base (AFB), South Dakota (SD)",DEPT OF DEFENSE.DEPT OF THE ARMY.US ARMY CORPS OF ENGINEERS.ENGINEER DIVISION NORTHWESTERN.ENDIST OMAHA.W071 ENDIST OMAHA,2026-05-15T14:00:00-05:00,85
5ec4f69de6444fe082630b0556b63611,"Grey Towers Historic  Terrace and Walkways Preservation Construction, Pennsylvania (GAOA)","AGRICULTURE, DEPARTMENT OF.FOREST SERVICE.USDA FOREST SVC GIFFORD PINCHOT",2026-04-24T12:00:00-04:00,60
fa702a7fecfe40dcaef32de46820a9c0,NEARNG SVCTE and  EXEVAL,DEPT OF DEFENSE.DEPT OF THE ARMY.NATIONAL GUARD BUREAU.JFHQ USPFO NE.USPFO NE PROCUREMENT.W7NL USPFO ACTIVITY NE ARNG,2026-04-27T10:00:00-06:00,85
81c2c6640de14f5ea652b9e5cf15f8ce,Q702--San Marcos CBOC IOTA,"VETERANS AFFAIRS, DEPARTMENT OF.VETERANS AFFAIRS, DEPARTMENT OF.PCAC (36C776)",2026-05-20T10:00:00-04:00,82
6cf97b8e258e48769fa48c75ba0fc02e,"CONTROL,AUXILLARY",DEPT OF DEFENSE.DEPT OF THE NAVY.NAVSUP.NAVSUP WEAPON SYSTEMS SUPPORT.NAVSUP WSS MECHANICSBURG.NAVSUP WEAPON SYSTEMS SUPPORT MECH,2026-04-27T16:00:00-04:00,80
e5848aac9c5e427ebc4be9d1e7906247,B500 JWing Heat Repair,DEPT OF DEFENSE.DEPT OF THE AIR FORCE.AIR COMBAT COMMAND.FA4600  55 CONS  PKP,2026-04-27T09:00:00-05:00,85
f684d98884514fceb97a6bcf895eb707,PAP Smear Sample PREP System,DEPT OF DEFENSE.DEFENSE HEALTH AGENCY (DHA).DEFENSE HEALTH AGENCY,2026-04-30T12:00:00+02:00,85
ef8aa9d83c814711a0f81a21c22f7801,Beach Equipment,DEPT OF DEFENSE.DEPT OF THE AIR FORCE.AIR MOBILITY COMMAND.FA4814 6 CONS PK,2026-05-01T10:00:00-04:00,85
d6de7fcf41614772a241689aeaf90e80,"61 - FMS Repair - Generator, Alternati",DEPT OF DEFENSE.DEPT OF THE NAVY.NAVSUP.NAVSUP WEAPON SYSTEMS SUPPORT.NAVSUP WSS PHILADELPHIA.NAVSUP WEAPON SYSTEMS SUPPORT,2026-05-02T14:00:00-04:00,85
0a8713a25f1c46cd9b4edb0627668b1a,Precision Grenadier System  Prototype Project Opportunity (PPON),DEPT OF DEFENSE.DEPT OF THE ARMY.AMC.ACC.ACC-CTRS.ACC-NJ.W6QK ACC-PICA,2026-06-01T13:00:00-04:00,85
9ca72977bebc4f8a9fc8674bee457758,Invasive Plant Treatment- Backpack for Grand Teton,"INTERIOR, DEPARTMENT OF THE.NATIONAL PARK SERVICE.IMR NORTHERN ROCKIES(12200)",2026-05-04T15:00:00-06:00,85
e7439181d44e448b8394f565b8809408,"WEDGE, STAKE",DEPT OF DEFENSE.DEFENSE LOGISTICS AGENCY.DLA MARITIME.DLA MARITIME SHIPYARDS.DLA MARITIME - PUGET SOUND,2026-04-17T14:00:00-07:00,85
e15a68cfdac044d7afd94efa974950ce,Warrior Pak,DEPT OF DEFENSE.DEPT OF THE AIR FORCE.AIR COMBAT COMMAND.FA4877  355 CONS PK,2026-04-22T12:30:00-07:00,85
d2753956dcb24495ae2c06892a0d8576,7A--TSC - RTS RENEWAL AND MAINTENANCE,"INTERIOR, DEPARTMENT OF THE.BUREAU OF RECLAMATION.UPPER COLORADO REGIONAL OFFICE",2026-04-26T11:59:00-04:00,60
c73be793f838436caf879b2a4f9108e5,NM - Refuge Law Enforcement - Vehicle Upfitting,"INTERIOR, DEPARTMENT OF THE.US FISH AND WILDLIFE SERVICE.FWS, SAT TEAM 2",2026-04-28T14:00:00-05:00,60
ef3b6963a69a45cbbfb50ffc70a7bb48,"CONNECTION,FLEXIBLE",DEPT OF DEFENSE.DEPT OF THE NAVY.NAVSUP.NAVSUP WEAPON SYSTEMS SUPPORT.NAVSUP WSS MECHANICSBURG.NAVSUP WEAPON SYSTEMS SUPPORT MECH,2026-05-08T16:30:00-04:00,85
be16464808e54349abe9da89bcb0f4e2,Collective Joint Training,DEPT OF DEFENSE.DEPT OF THE NAVY.NAVSUP.NAVSUP GLOBAL LOGISTICS SUPPORT.NAVSUP FLC NORFOLK.NAVSUP FLT LOG CTR NORFOLK,2026-05-15T13:00:00-04:00,85
d1d6b32ab2fc4e5e8bd6601a4b74cd47,KC-46 Landing Gear PBL,"DEPT OF DEFENSE.DEFENSE LOGISTICS AGENCY.DLA AVIATION.DLA AVIATION OGDEN.DLA  AVIATION AT OGDEN, UT",2026-07-28T16:00:00-06:00,85
c1a1af118ffe4b7c85d6df9c9a890de8,Commercial Meals NV Army National Guard Camp Navajo AZ June August 2026,DEPT OF DEFENSE.DEPT OF THE ARMY.NATIONAL GUARD BUREAU.JFHQ USPFO NV.USPFO NV PROCUREMENT.W7NM USPFO ACTIVITY NV ARNG,2026-04-22T23:30:00-07:00,85
c97190adb84546a783aa209b4dc9381e,"ELECTRICAL SWITCHING STATION NORTH, WATERVLIET ARSENAL, NEW YORK",DEPT OF DEFENSE.DEPT OF THE ARMY.US ARMY CORPS OF ENGINEERS.ENGINEER DIVISION NORTH ATLANTIC.ENDIST NEW YORK.W2SD ENDIST NEW YORK,2026-05-19T14:00:00-04:00,60
a84e09b89b17455fbc73ac25740b539e,Extra-Extra Improved Plow Steel Wire Rope,DEPT OF DEFENSE.DEPT OF THE ARMY.US ARMY CORPS OF ENGINEERS.ENGINEER DIVISION MISSISSIPPI VALLEY.ENDIST ST PAUL.W07V ENDIST ST PAUL,2026-05-01T14:00:00-05:00,85
ab0f46fda5c34d92898be7b1d03c84b1,Design Build IDIQ MATOC in Support of the DHA Program in the Western Region ,DEPT OF DEFENSE.DEPT OF THE ARMY.US ARMY CORPS OF ENGINEERS.ENGINEER DIVISION SOUTH ATLANTIC.ENDIST MOBILE.W074 ENDIST MOBILE,2026-04-23T14:00:00-05:00,85
b749ed69500c4bc5b69b1f9b4f0d50ea,RR 203 5 YR IDIQ,DEPT OF DEFENSE.DEPT OF THE NAVY.NAVSUP.NAVSUP WEAPON SYSTEMS SUPPORT.NAVSUP WSS MECHANICSBURG.NAVSUP WEAPON SYSTEMS SUPPORT MECH,2026-05-14T14:00:00-04:00,85
5319cb878eea49998a7eceec1a8eeebc,"USS BLUE RIDGE (LCC-19) TGI 3819P24302-A01, Yokosuka Japan",DEPT OF DEFENSE.DEPT OF THE NAVY.NAVSUP.NAVSUP GLOBAL LOGISTICS SUPPORT.NAVSUP FLC YOKOSUKA.NAVSUP FLT LOG CTR  YOKOSUKA,2026-04-23T10:00:00+09:00,85
b1fccc2f2da345cfa7c15a159e2b2389,SHERPLATE WHITE OAP,DEPT OF DEFENSE.DEFENSE LOGISTICS AGENCY.DLA MARITIME.DLA MARITIME SHIPYARDS.DLA MARITIME - PUGET SOUND,2026-04-21T11:00:00-07:00,82
89acd6408e7346ec925689e6b2ccdc08,Supply and Delivery of Medical Supplies,"STATE, DEPARTMENT OF.STATE, DEPARTMENT OF.US EMBASSY MANILA",2026-04-29T12:00:00+08:00,80
a28c27af765d4b5faa88918d0a57512e,6515--Philips Ix 4 - New Requirement - Philadelphia | EDA:  XX/XX/2026 | Status: Assigned to  NCO 4 Commodities 2  642-26-2-315-0052 | SEA 31400 |  (VA-26-00007411),"VETERANS AFFAIRS, DEPARTMENT OF.VETERANS AFFAIRS, DEPARTMENT OF.244-NETWORK CONTRACT OFFICE 4 (36C244)",2026-04-23T16:00:00-04:00,85
f1fec14d6f1d48c0af968c65b0411eb3,SHIPALT LPD17-92168 COUNTERMEASURE WASHDOWN SYS MOD; ACCOMPLISH,DEPT OF DEFENSE.DEPT OF THE NAVY.NAVSUP.NAVSUP GLOBAL LOGISTICS SUPPORT.NAVSUP FLC YOKOSUKA.NAVSUP FLT LOG CTR  YOKOSUKA,2026-04-22T10:00:00+09:00,85
84b380c0911644b8bb5bdf6c1cb34339,PENETRATOR ASSY,DEPT OF DEFENSE.DEPT OF THE NAVY.NAVSUP.NAVSUP WEAPON SYSTEMS SUPPORT.NAVSUP WSS MECHANICSBURG.NAVSUP WEAPON SYSTEMS SUPPORT MECH,2026-04-27T16:30:00-04:00,85
8d23eef53dcb43218826656f7713d805,8470--Police Ballistic Shields,"VETERANS AFFAIRS, DEPARTMENT OF.VETERANS AFFAIRS, DEPARTMENT OF.244-NETWORK CONTRACT OFFICE 4 (36C244)",2026-05-04T15:00:00-04:00,85
cd62599c389a4585ba2169d00138ec80,Petroleum Expeditionary Analysis Kit (PEAK Kit) or Equal,DEPT OF DEFENSE.DEPT OF THE AIR FORCE.AIR COMBAT COMMAND.FA4819  325 CONS PKP,2026-05-13T13:00:00-05:00,85
9caa51dd7d4f4b65b6fee644025abd1f,INDUSTRIAL GAS IDIQ,DEPT OF DEFENSE.DEFENSE LOGISTICS AGENCY.DLA MARITIME.DLA MARITIME SHIPYARDS.DLA MARITIME - PUGET SOUND,2026-04-21T13:00:00-07:00,80
960a7ec8cfbc4b3fb682b67bbe86f30a,Unified Communications Software Platform Licensing,DEPT OF DEFENSE.DEPT OF THE ARMY.AMC.ACC.ACC-CTRS.ACC-APG.W6QK ACC-APG CONT CT SW SECTOR,2026-04-30T17:00:00-04:00,60
fe8c85f46b844f2f9273125cad2119dc,"Camunda Enterprise Software Licensing, Software Maintenance and Software Support",DEPT OF DEFENSE.DEFENSE FINANCE AND ACCOUNTING SERVICE (DFAS).DEFENSE FINANCE AND ACCOUNTING SVC,2026-05-01T13:00:00-04:00,85
92d4f5260c634983a88725ce499b219f,ELECTRONIC ENGINE C,DEPT OF DEFENSE.DEPT OF THE NAVY.NAVSUP.NAVSUP WEAPON SYSTEMS SUPPORT.NAVSUP WSS MECHANICSBURG.NAVSUP WEAPON SYSTEMS SUPPORT MECH,2026-05-18T16:00:00-04:00,85
353e60b32f3f40eebd1ed81c13b70f7e,Tellabs GPON equipment maintenance service,DEPT OF DEFENSE.DEPT OF THE NAVY.NAVSUP.NAVSUP GLOBAL LOGISTICS SUPPORT.NAVSUP FLC YOKOSUKA.NAVSUP FLT LOG CTR  YOKOSUKA,2026-05-01T09:00:00+09:00,80
f646b1575ce34bcb82f2e118f3db2fa8,Holistic Models for Decision Making,DEPT OF DEFENSE.DEPT OF THE AIR FORCE.AIR FORCE MATERIEL COMMAND.AIR FORCE RESEARCH LABORATORY.FA2384 USAF AFMC AFRL PZL AFRL RAKH,2026-04-24T15:00:00-04:00,82
fece162010c04b96a8ffaba3a6aebdc0,NGA Police Vehicle Upfits,DEPT OF DEFENSE.NATIONAL GEOSPATIAL-INTELLIGENCE AGENCY (NGA).NATL GEOSPATIAL-INTELLIGENCE AGENCY,2026-05-07T17:00:00-04:00,85
8e1c1fd467114c0099d99da47aa2c6d9,20--DOOR-QA WT SHP,DEPT OF DEFENSE.DEPT OF THE NAVY.NAVSUP.NAVSUP WEAPON SYSTEMS SUPPORT.NAVSUP WSS MECHANICSBURG.NAVSUP WEAPON SYSTEMS SUPPORT MECH,2026-05-26T16:00:00-04:00,85
d58f1aebb9784eb9a13525259e393041,Solicitation N4008526R0095 LC-3853/3855-Modernize Dive Shop at LOGSU2,DEPT OF DEFENSE.DEPT OF THE NAVY.NAVFAC.NAVFAC ATLANTIC CMD.NAVFAC MID-ATLANTIC.NAVFACSYSCOM MID-ATLANTIC,2026-04-23T14:00:00-04:00,60
8fbde792d07d413ca939ccb225046245,"Repair AMSA/ECS- Arden Hills Army Reserve Center, Minnesota",DEPT OF DEFENSE.DEPT OF THE ARMY.US ARMY CORPS OF ENGINEERS.ENGINEER DIVISION GREAT LAKES AND OHIO.ENDIST LOUISVILLE.W072 ENDIST LOUISVILLE,2026-05-18T14:00:00-04:00,85
f53a51cda7d2410e97de67afbf841c2b,J041--CW Coil Replacement,"VETERANS AFFAIRS, DEPARTMENT OF.VETERANS AFFAIRS, DEPARTMENT OF.248-NETWORK CONTRACT OFFICE 8 (36C248)",2026-04-27T16:30:00-04:00,60
11ea86150c40435c9b8869398d3b3007,Provide services for supply and installation of IRMA Type Roof Replacement System,"STATE, DEPARTMENT OF.STATE, DEPARTMENT OF.US  EMBASSY NEW DELHI",2026-05-01T17:00:00+05:30,60
050ebdb88a3640ac8cdf7351d3e5e0c6,Four (4) Fire truck Structural Pumpers,DEPT OF DEFENSE.DEPT OF THE ARMY.AMC.ACC.ACC-OO.409TH CSB.0409 AQ HQ     CONTRACT,2026-04-21T15:00:00+02:00,60
e5aa0feada634aafa010e071c8ad147a,P-Optimal Wetland Monitoring ,DEPT OF DEFENSE.DEPT OF THE ARMY.US ARMY CORPS OF ENGINEERS.ENGINEER DIVISION GREAT LAKES AND OHIO.ENDIST BUFFALO.W072 ENDIST BUFFALO,2026-05-18T10:00:00-04:00,80
f68770aa009e412e8289c36e30b6c18a,Replacement of 36 HWK03K Hydronic Coil Kits on PTAC Units on the Quarters Barge Taggatz.,DEPT OF DEFENSE.DEPT OF THE ARMY.US ARMY CORPS OF ENGINEERS.ENGINEER DIVISION MISSISSIPPI VALLEY.ENDIST ST PAUL.W07V ENDIST ST PAUL,2026-05-08T15:00:00-05:00,60
301d455eab4a48b9b43fa587e9c41a19,Wings & Fins Subassemblies,DEPT OF DEFENSE.DEPT OF THE AIR FORCE.AIR FORCE MATERIEL COMMAND.AIR FORCE LIFE CYCLE MANAGEMENT CENTER.WEAPONS.FA8556 AFLCMC EBUK,2026-06-01T15:30:00-04:00,85
1244fd8861c74ab4bb16fb0ef24539d6,"AO 25565 BLM 612 WINNEMUCCA, NV","INTERIOR, DEPARTMENT OF THE.BUREAU OF LAND MANAGEMENT.NATIONAL INTERAGENCY FIRE CENTER",2026-04-30T17:00:00-04:00,85
f97b68524cc3488da26f5e2295ec6cd1,"Mississippi River, Baton Rouge to the Gulf, Southwest Pass Maintenance Dredging Non- Continuous Mile 6.0 AHP to Mile 19.5 BHP Cutterhead Dredge No. 2-2026 Specification No. OM26276",DEPT OF DEFENSE.DEPT OF THE ARMY.US ARMY CORPS OF ENGINEERS.ENGINEER DIVISION MISSISSIPPI VALLEY.ENDIST NEW ORLEANS.W07V ENDIST NEW ORLEANS,2028-04-15T10:30:00-05:00,60
c452310fa13b47ba978968421fcd7b12,Solicitation: Electrical Control Box (NSN: 2540-01-609-3483) - AMENDED,DEPT OF DEFENSE.DEPT OF THE ARMY.AMC.ACC.ACC-CTRS.ACC-DTA.W6QK ACC- DTA,2026-04-30T13:00:00-04:00,85
14d8df0a37e542d98310fc55f5488ff0,N0018926RL009 CNSL MHE,DEPT OF DEFENSE.DEPT OF THE NAVY.NAVSUP.NAVSUP GLOBAL LOGISTICS SUPPORT.NAVSUP FLC NORFOLK.NAVSUP FLT LOG CTR NORFOLK,2026-04-27T11:00:00-04:00,85
e4e6899f092e4d88bb5b5e18c9e2ef1a,"Bearing, Plain Rod",DEPT OF DEFENSE.DEFENSE LOGISTICS AGENCY.DLA MARITIME.DLA MARITIME MECHANICSBURG.SPRMM1 DLA MECHANICSBURG,2026-05-18T16:30:00-04:00,85
4f3295988a924eb9846a4399e3e5eaf1,Duty Cycle Crawler Crane,DEPT OF DEFENSE.DEPT OF THE ARMY.US ARMY CORPS OF ENGINEERS.ENGINEER DIVISION MISSISSIPPI VALLEY.ENDIST MEMPHIS.W07V ENDIST MEMPHIS,2026-04-30T10:00:00-05:00,80
9526b0e8820e4703baa30d1301ddfb74,"SIGNAL SOURCE, PRE",DEPT OF DEFENSE.DEFENSE LOGISTICS AGENCY.DLA MARITIME.DLA MARITIME MECHANICSBURG.SPRMM1 DLA MECHANICSBURG,2026-04-30T16:00:00-04:00,85
e286aec59d3d4e61b41d5c316023cd18,R--ArcGIS Enterprise Cloud Environment for NA-40,"ENERGY, DEPARTMENT OF.ENERGY, DEPARTMENT OF.NNSA NON-MO CNTRCTNG OPS DIV",2026-05-15T16:00:00-04:00,85
4dd9d3f68134416382b5f502ab69a5dc,Pacific Missile Range Facility Wireless Services,DEPT OF DEFENSE.DEPT OF THE NAVY.NAVSUP.NAVSUP GLOBAL LOGISTICS SUPPORT.NAVSUP FLC YOKOSUKA.NAVSUP FLT LOG CTR  YOKOSUKA,2026-04-24T10:00:00+09:00,85
1c9202bfae1e424786ca55de00c811f8,36C78626R50055 -- S208,"VETERANS AFFAIRS, DEPARTMENT OF.VETERANS AFFAIRS, DEPARTMENT OF.NATIONAL CEMETERY ADMIN (36C786)",2026-05-20T19:00:00+00:00,60
fe9e67f30bdd4543b10771ceedf8cd07,Z2DA--Renovate Hot Lab  539-26-502,"VETERANS AFFAIRS, DEPARTMENT OF.VETERANS AFFAIRS, DEPARTMENT OF.250-NETWORK CONTRACT OFFICE 10 (36C250)",2026-05-22T13:00:00-04:00,60
fd7cc656188047ee8330a8016f44d618,San Joaquin/Stockton DWSC FY26 Maintenance Dredging Project,DEPT OF DEFENSE.DEPT OF THE ARMY.US ARMY CORPS OF ENGINEERS.ENGINEER DIVISION SOUTH PACIFIC.ENDIST SAN FRANCISCO.W075 ENDIST SAN FRAN,2026-05-11T11:30:00-07:00,60
f242be8c3b78436cb233c43524e3d1ed,WWYK240015 - Rehab Tanks 62501E & 62501W,DEPT OF DEFENSE.DEPT OF THE AIR FORCE.AIR FORCE MATERIEL COMMAND.AIR FORCE SUSTAINMENT CENTER.FA8137  AFSC PZIOC,2026-06-02T14:00:00-05:00,80
ecd4db99edfa4022ae2749285493e3e1,USDA NRCS-Ohio EWP Green Township - Blessing Road,"AGRICULTURE, DEPARTMENT OF.FARM PRODUCTION AND CONSERVATION BUSINESS CENTER.FPAC BUS CNTR-ACQ DIV",2026-05-19T13:00:00-04:00,85
ef98d6e9c88a4d339df0375b9f06ef4d,Construction of UEPH Barracks at Fort Campbell KY,DEPT OF DEFENSE.DEPT OF THE ARMY.US ARMY CORPS OF ENGINEERS.ENGINEER DIVISION GREAT LAKES AND OHIO.ENDIST LOUISVILLE.W072 ENDIST LOUISVILLE,2026-05-12T10:00:00-04:00,85
ffc1dd9770694b8f87ef3ac585554565,"Solicitation for Seat, Vehicular / NSN: 2540-01-204-6019",DEPT OF DEFENSE.DEPT OF THE ARMY.AMC.ACC.ACC-CTRS.ACC-DTA.W6QK ACC- DTA,2026-04-29T16:00:00-04:00,60
a11d2f33a7e7491bac8bdcbe9dffaf3d,WABA REPLACE LIFE/SAFETY SYSTEMS,"INTERIOR, DEPARTMENT OF THE.NATIONAL PARK SERVICE.IMR INTERMOUNTAIN REGION(1200)",2026-05-11T12:00:00-05:00,85
ccb82c25557e4572b8991bb71a0937a1,FLIR Recon B2-FO Thermal Binoculars,DEPT OF DEFENSE.DEPT OF THE ARMY.AMC.ACC.ACC-CTRS.ACC-APG.W6QK ACC-APG,2026-05-07T15:00:00-04:00,85
952b834b4e164a2dbe7e6eb83c5c4197,Replace Chapel Windows B912,DEPT OF DEFENSE.DEPT OF THE AIR FORCE.AIR COMBAT COMMAND.FA4803  20 CONS LGCA,2026-05-08T10:00:00-04:00,80
f52c84e33dc1422da74b8892786479d9,"Facility Environmental Compliance, Planning, and Resiliency Technical support",DEPT OF DEFENSE.WASHINGTON HEADQUARTERS SERVICES (WHS).WASHINGTON HEADQUARTERS SERVICES,2026-05-20T12:00:00-04:00,85
fdea713a70a4499a96cb71eeff4be65c,"Ball Screw, Assembly",DEPT OF DEFENSE.DEFENSE LOGISTICS AGENCY.DLA LAND.DLA LAND WARREN MICHIGAN.DLA LAND WARREN,2026-05-20T13:00:00-04:00,85
f60b3a755a334602b3f2b5b13243dcb2,"56--PIPE INSUL, 6 NPS",DEPT OF DEFENSE.DEPT OF THE NAVY.NAVSUP.NAVSUP WEAPON SYSTEMS SUPPORT.NAVSUP WSS MECHANICSBURG.NAVSUP WEAPON SYSTEMS SUPPORT MECH,2026-05-18T16:30:00-04:00,85
f32a72893a954e5d8c8ce7bc0f29dcbf,B1 Parts IDIQ,DEPT OF DEFENSE.DEPT OF THE AIR FORCE.AIR FORCE MATERIEL COMMAND.AIR FORCE LIFE CYCLE MANAGEMENT CENTER.WEAPONS.FA8213  AFLCMC EBHK,2026-06-15T17:00:00-06:00,85
f90c75f5a78b45188e370ead1ff8f7e2,DWA Storage Building Insulation Spray,DEPT OF DEFENSE.DEPT OF THE ARMY.US ARMY CORPS OF ENGINEERS.ENGINEER DIVISION NORTHWESTERN.ENDIST WALLA WALLA.US ARMY ENGINEER DISTRICT WALLA WAL,2026-05-04T11:00:00-07:00,82
ebe777d75eb54605a056feb6bd080ffe,Shawnee NF Vienna Parking Lot Pavement Preservation,"AGRICULTURE, DEPARTMENT OF.FOREST SERVICE.USDA-FS, CSA EAST 13",2026-05-07T14:00:00-05:00,60
e77c4aa1768245229a32aee08f985856,REPAIR SERVICES FOR THE GPS PROGRAM; NSN 6130-01-555-6140 GROUND ANTENNA,DEPT OF DEFENSE.DEPT OF THE AIR FORCE.AIR FORCE MATERIEL COMMAND.AIR FORCE SUSTAINMENT CENTER.FA8250  AFSC PZAAA,2026-04-30T16:00:00-06:00,60
e5bc229bbcf249baa1f8c8461d801b52,RFP-797-FSS-04-0001-R3: 621II Medical Laboratory Testing & Analysis Services,"VETERANS AFFAIRS, DEPARTMENT OF.VETERANS AFFAIRS, DEPARTMENT OF.NAC FEDERAL SUPPLY SCHEDULE (36F797)",2026-11-30T10:00:00-05:00,60
e4eef7eda68644f396b7d74c11ea60e8,KHC Old Housing Renovations,"HEALTH AND HUMAN SERVICES, DEPARTMENT OF.INDIAN HEALTH SERVICE.NAVAJO AREA INDIAN HEALTH SVC",2026-05-05T10:00:00-04:00,60
dc3840ab9d51481483284811129c5998,FSG 80 TLSP 2nd Generation,DEPT OF DEFENSE.DEFENSE LOGISTICS AGENCY.TROOP SUPPORT CONSTRUCTION & EQUIPMENT.DLA TROOP SUPPORT,2026-05-04T15:00:00-04:00,85
d7c83d59852b4e148d8d0245717ee19d,DH10--DIGITAL WAYFINDING,"VETERANS AFFAIRS, DEPARTMENT OF.VETERANS AFFAIRS, DEPARTMENT OF.262-NETWORK CONTRACT OFFICE 22 (36C262)",2026-04-24T13:00:00-06:00,85
e3bc50cdea7d46f8a4d4e806993c237e,CH-53K Program O-Level Bag Group E,DEPT OF DEFENSE.DEPT OF THE NAVY.NAVAIR.NAVAIR NAWC AD.NAVAIR WARFARE CTR AIRCRAFT DIV,2026-05-13T16:00:00-04:00,85
df3020731f01484c96bf9686cb9d1a10,NIIN: 016890346/NOMEN: STOP ASSEMBLY UNIT,DEPT OF DEFENSE.DEPT OF THE NAVY.NAVSUP.NAVSUP WEAPON SYSTEMS SUPPORT.NAVSUP WSS PHILADELPHIA.NAVSUP WEAPON SYSTEMS SUPPORT,2026-05-18T14:00:00-04:00,85
dab965026d6047b4b3fee288640ece30,"47 -- HOSE,NONMETALLIC",DEPT OF DEFENSE.DEPT OF THE NAVY.NAVSUP.NAVSUP WEAPON SYSTEMS SUPPORT.NAVSUP WSS MECHANICSBURG.NAVSUP WEAPON SYSTEMS SUPPORT MECH,2026-05-18T23:59:00-04:00,85
df2c7cde87ae4f139599fe411837fc38,"USDA Request For Lease Proposals No. 57-28025-23-FA: West Point, MS","AGRICULTURE, DEPARTMENT OF.FARM PRODUCTION AND CONSERVATION BUSINESS CENTER.FPAC BUS CNTR-MGMT SVS DIV",2026-05-20T16:00:00-04:00,85
ebda488d052e410fb65118626ca9e67f,KENTUCKY LOCK CONFERENCING TRAILER CONSTRUCTION CONTRACT,DEPT OF DEFENSE.DEPT OF THE ARMY.US ARMY CORPS OF ENGINEERS.ENGINEER DIVISION GREAT LAKES AND OHIO.ENDIST NASHVILLE.W072 ENDIST NASHVILLE,2026-05-19T13:00:00-05:00,60
e8090b4de77e460d9ca24d833c173b9c,ROBINS AFB UNACCOMPANIED HOUSING DOOR LOCK UPGRADE,DEPT OF DEFENSE.DEPT OF THE AIR FORCE.AIR FORCE MATERIEL COMMAND.AIR FORCE SUSTAINMENT CENTER.FA8501  OPL CONTRACTING AFSC/PZIO,2026-05-13T12:00:00-04:00,60
fc813b6c7782450dadf87953f35e20f7,Beach Nourishment Great Egg Harbor Inlet to Townsends Inlet,DEPT OF DEFENSE.DEPT OF THE ARMY.US ARMY CORPS OF ENGINEERS.ENGINEER DIVISION NORTH ATLANTIC.ENDIST PHILADELPHIA.W2SD ENDIST PHILADELPHIA,2026-04-24T13:00:00-04:00,60
c3fb63d69ead49868a8dbc5cf1b27e9c,"F-15 Valve, Linear Direct","DEPT OF DEFENSE.DEFENSE LOGISTICS AGENCY.DLA AVIATION.DLA AVIATION OKLAHOMA CITY.DLA AVIATION AT OKLAHOMA CITY, OK",2026-05-18T15:00:00-05:00,85
e2cf9ef00c1749a5855116915b69089b,ARMED FORCES CAREER CENTER,DEPT OF DEFENSE.DEPT OF THE ARMY.US ARMY CORPS OF ENGINEERS.ENGINEER DIVISION GREAT LAKES AND OHIO.ENDIST LOUISVILLE.W072 ENDIST LOUISVILLE,2026-05-05T17:30:00-04:00,82
e1adf218843b440a89ec7198373ce914,VIPR I-BPA for Water Handling for Region 6 - Pacific Northwest Region,"AGRICULTURE, DEPARTMENT OF.FOREST SERVICE.PACIFIC NORTHWEST REGIONAL OFFICE",2026-05-11T14:00:00-07:00,80
df05857373a149fa88f31b75c462ffa2,"Solicitation - Y1EZ--Construct Chiller Plant | Design Build  Milwaukee, WI VAMC | 695-24-101","VETERANS AFFAIRS, DEPARTMENT OF.VETERANS AFFAIRS, DEPARTMENT OF.PCAC (36C776)",2026-05-22T12:00:00-04:00,60
cc0a9cbe4d5141f1a79b25271bc62097,CONSOLE INFRASTRUCT,DEPT OF DEFENSE.DEFENSE LOGISTICS AGENCY.DLA MARITIME.DLA MARITIME MECHANICSBURG.SPRMM1 DLA MECHANICSBURG,2026-05-16T16:30:00-04:00,60
cb549b8c65e743c290bcc4710b6b3ec3,Y--Pojoaque Basin Regional Water System Phase II Desi,"INTERIOR, DEPARTMENT OF THE.BUREAU OF RECLAMATION.UPPER COLORADO REGIONAL OFFICE",2026-05-15T17:00:00-06:00,60
c8c51f887d834ca18816884b21d6b4b6,"Construct New Bulkhead, Hugo Lake",DEPT OF DEFENSE.DEPT OF THE ARMY.US ARMY CORPS OF ENGINEERS.ENGINEER DIVISION SOUTHWESTERN.ENDIST TULSA.W076 ENDIST TULSA,2026-05-11T14:00:00-05:00,60
c1612b003a534e7a85b6508edfdbc34d,Solicitation-N00383-26-Q-FA88,DEPT OF DEFENSE.DEPT OF THE NAVY.NAVSUP.NAVSUP WEAPON SYSTEMS SUPPORT.NAVSUP WSS PHILADELPHIA.NAVSUP WEAPON SYSTEMS SUPPORT,2026-05-18T14:00:00-04:00,85
c061dea33da047ddbd6eb3fb96f3a039,DOCKSIDE USCGC ACTIVE FY26 DS,"HOMELAND SECURITY, DEPARTMENT OF.US COAST GUARD.SFLC PROCUREMENT BRANCH 1(00080)",2026-05-13T10:00:00-04:00,85
c53cfd38fcdd44b7a2fd0fbec85d9674,N0010426QQB23,DEPT OF DEFENSE.DEPT OF THE NAVY.NAVSUP.NAVSUP WEAPON SYSTEMS SUPPORT.NAVSUP WSS MECHANICSBURG.NAVSUP WEAPON SYSTEMS SUPPORT MECH,2026-05-26T17:00:00-04:00,82
bc99a34e91b646d098552fbf2e801fd4,Concrete Pads B230,DEPT OF DEFENSE.DEPT OF THE ARMY.AMC.ACC.ACC-CTRS.ACC RI.W6QK ACC-RI,2026-04-23T10:00:00-05:00,82
bbc3a61c05444629a320fe5cc071f5ea,"FITTING,PLUG",DEPT OF DEFENSE.DEPT OF THE NAVY.NAVSUP.NAVSUP WEAPON SYSTEMS SUPPORT.NAVSUP WSS MECHANICSBURG.NAVSUP WEAPON SYSTEMS SUPPORT MECH,2026-05-15T16:30:00-04:00,80
bb93159298ce457c9fef6bc580c403b4,Potable & Gray Water Truck/Handwashing Station (Trailer Mounted) for Region 5 - Pacific Southwest Region ONLY,"AGRICULTURE, DEPARTMENT OF.FOREST SERVICE.USDA FS",2026-05-04T17:00:00-06:00,60
bde3d9c657db4d648335017aeaefdec9,USS MIGUEL KEITH (ESB 5) MTA A0002,DEPT OF DEFENSE.DEPT OF THE NAVY.NAVSUP.NAVSUP GLOBAL LOGISTICS SUPPORT.NAVSUP FLC YOKOSUKA.NAVSUP FLT LOG CTR  YOKOSUKA,2026-05-08T11:00:00+08:00,70
9df9c0f7156140d3ab13ef45b12dc53f,SRF LCU-1651 6C2 6 Package,DEPT OF DEFENSE.DEPT OF THE NAVY.NAVSUP.NAVSUP GLOBAL LOGISTICS SUPPORT.NAVSUP FLC YOKOSUKA.NAVSUP FLT LOG CTR  YOKOSUKA,2026-04-28T10:00:00+09:00,80
8b4e0f00188243c3ab0c28a94f7c9839,"Z--Repair/Replace HVAC at HQ/NOC, NPS-REDW","INTERIOR, DEPARTMENT OF THE.NATIONAL PARK SERVICE.PWR PORE MABO (84000)",2026-05-05T15:00:00-07:00,60
e2ab82ae2a494fb2a6ac9754cfbb97a4,Road Grader & Front-end Loader Lease - Hill AFB,DEPT OF DEFENSE.DEPT OF THE AIR FORCE.AIR FORCE MATERIEL COMMAND.AIR FORCE SUSTAINMENT CENTER.FA8201  AFSC OL H PZIO,2026-05-14T16:30:00-04:00,60
9464f4b3682d412f985ca59b857ce1e6,Faller for Region 3 ONLY,"AGRICULTURE, DEPARTMENT OF.FOREST SERVICE.USDA-FS PPS INCIDENT PROCUREMENT",2026-05-07T17:00:00-06:00,80
d866261c1a23440ba30a5be1c7a20ae2,W91237-26-Q-A040 Burnsville Lake - Park Attendant Services (Bulltown Campground),DEPT OF DEFENSE.DEPT OF THE ARMY.US ARMY CORPS OF ENGINEERS.ENGINEER DIVISION GREAT LAKES AND OHIO.ENDIST HUNTINGTON.W072 ENDIST HUNTINGTON,2026-04-24T11:00:00-04:00,60
c4a4d617d5174b5abaa5dca03ca803d2,Request of Proposal for Case Processing Operations Center 2.0,DEPT OF DEFENSE.DEFENSE COUNTERINTELLIGENCE AND SECURITY AGENCY (DCSA).DEFENSE CI AND SECURITY AGENCY,2026-05-08T10:00:00-04:00,60
6d5b5ebf14ff467391ed705aeabf354f,USS SAN DIEGO (LPD-22) SHIPALT LPD17-92168 COUNTERMEASURE WASHDOWN SYS MOD; ACCOMPLISH,DEPT OF DEFENSE.DEPT OF THE NAVY.NAVSUP.NAVSUP GLOBAL LOGISTICS SUPPORT.NAVSUP FLC YOKOSUKA.NAVSUP FLT LOG CTR  YOKOSUKA,2026-04-23T10:00:00+09:00,85
f3b0d5f27d424e008e618e353cc0831e,"CA NP MOJA 11(2) 10(2) KELBAKER, KELSO-CIMA, CIMA and MORNING STAR MINE ROADS","TRANSPORTATION, DEPARTMENT OF.FEDERAL HIGHWAY ADMINISTRATION.6982AF CENTRAL FEDERAL LANDS DIVISI",2026-05-14T14:00:00-06:00,60
bafa5e4296d54e93b9d30758d00b2cbf,Car Wash Rack System Cannon AFB,DEPT OF DEFENSE.DEPT OF THE AIR FORCE.AIR FORCE SPECIAL OPERATIONS COMMAND.FA4855  27 SOCONS LGC,2026-04-27T12:00:00-06:00,60
b82aedd759a245449a6ba71f44cbda82,R--Project Management support and resources to assist,"ENERGY, DEPARTMENT OF.ENERGY, DEPARTMENT OF.WESTERN-DESERT SOUTHWEST REGION",2026-05-01T16:00:00-04:00,60
ad55067e9bb549bda7260afcb2f3e344,Base Roads Pavement Repair-Muñiz ANGB,DEPT OF DEFENSE.DEPT OF THE ARMY.NATIONAL GUARD BUREAU.JFHQ USPFO PR.USPFO PR PROCUREMENT.W7PA USPFO ACTIVITY PRANG 156,2026-05-11T10:00:00-04:00,85
b346e656f1af4ee492453951d72c9db8,Amendment 2 - macOS Workstations,DEPT OF DEFENSE.DEPT OF THE AIR FORCE.FA2517  21 CONS BLDG 350,2026-04-24T15:00:00-04:00,85
e5e1ab66d0f645cabfa733f13cc44db8,"Galveston Harbor and Channel- San Jacinto PA 1 Improvements, Galveston County, Texas",DEPT OF DEFENSE.DEPT OF THE ARMY.US ARMY CORPS OF ENGINEERS.ENGINEER DIVISION SOUTHWESTERN.ENDIST GALVESTON.W076 ENDIST GALVESTON,2026-05-11T10:00:00-05:00,60
aba94ef1cdd24e85a90b1ac26a520a28,"New Castle AMSA / VMS Maintenance Facility - New Castle, PA",DEPT OF DEFENSE.DEPT OF THE ARMY.US ARMY CORPS OF ENGINEERS.ENGINEER DIVISION GREAT LAKES AND OHIO.ENDIST LOUISVILLE.W072 ENDIST LOUISVILLE,2026-05-28T14:00:00-04:00,60
91a22fa06e9d426899c117b8b049d281,"Social Security Guards Contract (HQ , NSC, WBDOC, SSC/RTP)",SOCIAL SECURITY ADMINISTRATION.SOCIAL SECURITY ADMINISTRATION.SSA OFC OF ACQUISITION  GRANTS,2026-05-01T17:00:00-04:00,60
d77e234daf65445695729ec1552d38c7,Chipper for Regions 5 & 6,"AGRICULTURE, DEPARTMENT OF.FOREST SERVICE.USDA-FS PPS INCIDENT PROCUREMENT",2026-04-27T12:00:00,85
5cb3c624cf9b404683dce6954d9d0bfd,Water Quality Program Lab Analysis,DEPT OF DEFENSE.DEPT OF THE ARMY.US ARMY CORPS OF ENGINEERS.ENGINEER DIVISION GREAT LAKES AND OHIO.ENDIST LOUISVILLE.W072 ENDIST LOUISVILLE,2026-04-17T15:00:00-05:00,85
d94d9efa59d74ca08f3f2915bb8491f3,Junior Airmen Retreat lodging,DEPT OF DEFENSE.DEPT OF THE AIR FORCE.AIR MOBILITY COMMAND.FA4427  60 CONS LGC,2026-04-23T12:00:00-07:00,85
52aac67063e94a45acd6822f9ed1e780,Laboratory Microscopes,DEPT OF DEFENSE.DEFENSE HEALTH AGENCY (DHA).DEFENSE HEALTH AGENCY,2026-04-30T12:00:00+02:00,85
e3a3e22b97054e36bdb1682460ab083a,OPIS Subscription Service,DEPT OF DEFENSE.DEFENSE LOGISTICS AGENCY.DCSO.DCSO ENERGY.DCSO-COLUMBUS-DIVISION-2,2026-05-09T15:00:00-04:00,85
10371e98aaa1485695ffeb11b4ea2119,Z--Creston National Fish Hatchery Replace Septic Line,"INTERIOR, DEPARTMENT OF THE.US FISH AND WILDLIFE SERVICE.FWS, GAOA",2026-05-08T15:00:00-06:00,60
fa02c628e6fb4b97a405a3e5ea8f884f,36C78626Q50127 -- R499,"VETERANS AFFAIRS, DEPARTMENT OF.VETERANS AFFAIRS, DEPARTMENT OF.NATIONAL CEMETERY ADMIN (36C786)",2026-04-28T12:00:00+00:00,60
f6be2602c34d4d63a8901825a4f6e2eb,Cathode for the Watervliet Arsenal,DEPT OF DEFENSE.DEPT OF THE ARMY.AMC.ACC.ACC-CTRS.ACC-DTA.W6QK ACC WVA,2026-05-05T16:00:00-04:00,85
f45ccead9d5d4780a6d9e09f0b7445b5,"TERMINAL BLOCK, GRE",DEPT OF DEFENSE.DEPT OF THE NAVY.NAVSUP.NAVSUP WEAPON SYSTEMS SUPPORT.NAVSUP WSS MECHANICSBURG.NAVSUP WEAPON SYSTEMS SUPPORT MECH,2026-05-21T16:30:00-04:00,85
fc875184f3bb4a429f80e1268d367c8c,F--Eastern States ORC Region 2,"INTERIOR, DEPARTMENT OF THE.BUREAU OF LAND MANAGEMENT.WASHINGTON DC OFFICE",2026-05-29T16:00:00-04:00,85
eb61ebd473b94bd89f90abf4515ff8ad,"Research, Development, Test and Evaluation (RDTE) Engineering and Technical Support (RETS)",DEPT OF DEFENSE.WASHINGTON HEADQUARTERS SERVICES (WHS).WASHINGTON HEADQUARTERS SERVICES,2026-05-15T11:00:00-05:00,80
d896e157120e4845aebdce6aa2a54112,Dog Bone Chain,DEPT OF DEFENSE.DEPT OF THE ARMY.AMC.ACC.ACC-CTRS.ACC-DTA.W6QK ACC- DTA,2026-05-11T13:00:00-04:00,85
dc7fea07668040bbab5e5a7beaa650cf,DC DRIVE,DEPT OF DEFENSE.DEFENSE LOGISTICS AGENCY.DLA MARITIME.DLA MARITIME SHIPYARDS.DLA MARITIME - PEARL HARBOR,2026-04-27T12:00:00-10:00,85
ddafc0bb792b4bdfab572ab73a58625f,"Desert Forge Fy26 Life Support June 2026 Hawthorne, NV",DEPT OF DEFENSE.DEPT OF THE ARMY.NATIONAL GUARD BUREAU.JFHQ USPFO NV.USPFO NV PROCUREMENT.W7NM USPFO ACTIVITY NV ARNG,2026-05-19T23:30:00-07:00,85
ce3e062920894c6fabe978e4928d7784,"Solicitation, Ring Seal, NSN: 1025-01-644-3980",DEPT OF DEFENSE.DEPT OF THE ARMY.AMC.ACC.ACC-CTRS.ACC-DTA.W6QK ACC- DTA,2026-06-01T17:00:00-04:00,85
db3fdb37ef7b4640ad2792bf29e24760,Dehumidifier Purchase,DEPT OF DEFENSE.DEPT OF THE ARMY.AMC.ACC.MISSION INSTALLATION CONTRACTING COMMAND.419TH CSB.W6QM MICC-FT STEWART,2026-04-30T14:30:00-04:00,60
c2b72257671a47d6a9383d2aa1ab836b,"SPRING,HELICAL,COMP",DEPT OF DEFENSE.DEPT OF THE NAVY.NAVSUP.NAVSUP WEAPON SYSTEMS SUPPORT.NAVSUP WSS MECHANICSBURG.NAVSUP WEAPON SYSTEMS SUPPORT MECH,2026-05-21T16:30:00-04:00,85
c93eb9bff0004f688ec52ef1915aef4e,59 - CIRCUIT CARD ASSEMB,DEPT OF DEFENSE.DEFENSE LOGISTICS AGENCY.DLA MARITIME.DLA MARITIME MECHANICSBURG.SPRMM1 DLA MECHANICSBURG,2026-05-18T16:00:00-04:00,60
91f6f770e3754c72903056999ce6187d,Pre-Deployment Yellow Ribbon Event,DEPT OF DEFENSE.DEPT OF THE ARMY.NATIONAL GUARD BUREAU.JFHQ USPFO ME.USPFO ME PROCUREMENT.W7NC USPFO ACTIVITY ME ARNG,2026-05-08T13:00:00-04:00,60
6a940916e9bb4417b6342a19b9ca5e78,American Fair: Freedom 250 In HAT YAI,"STATE, DEPARTMENT OF.STATE, DEPARTMENT OF.US EMBASSY BANGKOK",2026-05-15T15:00:00+07:00,60
a4297dd43bb042a89fd731e123e06ef4,6530--FX 920 and Premier Ophthalmic Chair,"VETERANS AFFAIRS, DEPARTMENT OF.VETERANS AFFAIRS, DEPARTMENT OF.252-NETWORK CONTRACT OFFICE 12 (36C252)",2026-04-23T15:00:00-05:00,82
a0af321f6a0c45c6b98c5dfdc9c5ae28,G&L Horizontal Boring Mills  Preventive Maintenance,DEPT OF DEFENSE.DEPT OF THE NAVY.NAVSEA.NAVSEA SHIPYARD.PEARL HARBOR NAVAL SHIPYARD IMF,2026-04-21T11:00:00-10:00,60
991d5b234bba46b188f1abbd27081847,NAWCAD WOLF ASI Secure Executive Network Software Support (SENSS),DEPT OF DEFENSE.DEPT OF THE NAVY.NAVAIR.NAVAIR NAWC AD.NAVAL AIR WARFARE CENTER AIR DIV,2026-05-18T13:00:00-04:00,60
cd74c09ed92544119a087d68dd738c22,Test & Evaluation Services,DEPT OF DEFENSE.DEPT OF THE NAVY.NAVSUP.NAVSUP GLOBAL LOGISTICS SUPPORT.NAVSUP FLC NORFOLK.NAVSUP FLT LOG CTR NORFOLK,2026-05-11T10:00:00-04:00,85
f7025b1a10964e0d83678ac1ac8be94f,Furniture Requirement,DEPT OF DEFENSE.DEPT OF THE AIR FORCE.FA2550  50 CONS PKP,2026-04-27T10:00:00-06:00,60
8e76127e4c524536a85e2d649d372c8a,Mobile Harbor Maintenance Dredging,DEPT OF DEFENSE.DEPT OF THE ARMY.US ARMY CORPS OF ENGINEERS.ENGINEER DIVISION SOUTH ATLANTIC.ENDIST MOBILE.W074 ENDIST MOBILE,2026-05-04T14:00:00-05:00,85
bc4e99e0cc42455f94bfa7a25835eaf0,Servers,DEPT OF DEFENSE.DEPT OF THE NAVY.NAVSUP.NAVSUP GLOBAL LOGISTICS SUPPORT.NAVSUP FLC JACKSONVILLE.NAVSUP FLT LOG CTR JACKSONVILLE,2026-04-27T10:00:00-04:00,85
87139ebb65cc43e0bf37edcab5bb17c4,Platoon Level Small Uncrewed Aircraft System (SUAS),DEPT OF DEFENSE.DEPT OF THE ARMY.AMC.ACC.ACC-CTRS.ACC RSA.W6QK ACC-RSA,2026-05-15T17:00:00-05:00,85
c9e5e8c967584802af88f8d59d8e1a43,187th MXG Hanger Floor Resurfacing,DEPT OF DEFENSE.DEPT OF THE ARMY.NATIONAL GUARD BUREAU.JFHQ USPFO AL.USPFO AL PROCUREMENT.W7MT USPFO ACTIVITY ALANG 187,2026-05-29T14:00:00-05:00,60
c888db7eb6004785a4fd6abab2e53f1b,PIN ASSEMBLY,DEPT OF DEFENSE.DEPT OF THE NAVY.NAVSUP.NAVSUP WEAPON SYSTEMS SUPPORT.NAVSUP WSS MECHANICSBURG.NAVSUP WEAPON SYSTEMS SUPPORT MECH,2026-05-04T16:30:00-04:00,80
c7389b3152fd488aa00bbca8dbafc1da,Z--THOMAS STONE NHS - INSTALL INTERIOR STORM WINDOWS,"INTERIOR, DEPARTMENT OF THE.NATIONAL PARK SERVICE.NER SERVICES MABO (43000)",2026-04-30T10:00:00-04:00,60
c633e40cbe1d4313ab474c77966f4f46,Tank Farm Racks,"ENERGY, DEPARTMENT OF.ENERGY, DEPARTMENT OF.BROOKHAVEN NATL LAB -DOE CONTRACTOR",2026-05-13T11:30:00-04:00,60
cd8967b2faa0455fbfa915024e1f0103,"STUD,FULL BODY",DEPT OF DEFENSE.DEPT OF THE NAVY.NAVSUP.NAVSUP WEAPON SYSTEMS SUPPORT.NAVSUP WSS MECHANICSBURG.NAVSUP WEAPON SYSTEMS SUPPORT MECH,2026-05-15T16:30:00-04:00,85
fc6ec8e07da14260901d8ecdd2559cdd,Repair ADM Baker Pool Complex,DEPT OF DEFENSE.DEPT OF THE NAVY.NAVSUP.NAVSUP OTHER HCA.CNIC.COMMANDER NAVY INSTALLATIONS CMD,2026-05-14T15:00:00-05:00,60
9b4b85a0614e4ca4940b3c2535a7310b,PREAMP/MODE SW SHOC,DEPT OF DEFENSE.DEPT OF THE NAVY.NAVSUP.NAVSUP WEAPON SYSTEMS SUPPORT.NAVSUP WSS MECHANICSBURG.NAVSUP WEAPON SYSTEMS SUPPORT MECH,2026-05-26T16:00:00-04:00,85
f8c748f540284a9a8942281fd861df22,Welcome Kit delivery Services to US Embassy Residences.,"STATE, DEPARTMENT OF.STATE, DEPARTMENT OF.US EMBASSY AMMAN",2026-05-10T16:30:00+03:00,82
f952fb9838924e81993a21613177d9a0,"Noun_DOOR, AIRCRAFT_Application_B-2_NSN_1560-01-444-9498_Part_Number_DAB3116B301-129","DEPT OF DEFENSE.DEFENSE LOGISTICS AGENCY.DLA AVIATION.DLA AVIATION OKLAHOMA CITY.DLA AVIATION AT OKLAHOMA CITY, OK",2026-05-29T15:00:00-05:00,85
fa97d2af8f424a9c8bf150b609b9219f,59--ELECTRONIC COMPONEN,DEPT OF DEFENSE.DEPT OF THE NAVY.NAVSUP.NAVSUP WEAPON SYSTEMS SUPPORT.NAVSUP WSS MECHANICSBURG.NAVSUP WEAPON SYSTEMS SUPPORT MECH,2026-05-05T23:59:00-04:00,85
f27f5de389214922b4807486517e1b6a,"24--Two Amphibious Track Vehicles, Minnesota Vlley NWR","INTERIOR, DEPARTMENT OF THE.US FISH AND WILDLIFE SERVICE.FWS SAT TEAM 3",2026-04-27T14:00:00-04:00,80
d02d379ff36c46618749320007aae10c,"STUD,CONTINUOUS THR",DEPT OF DEFENSE.DEPT OF THE NAVY.NAVSUP.NAVSUP WEAPON SYSTEMS SUPPORT.NAVSUP WSS MECHANICSBURG.NAVSUP WEAPON SYSTEMS SUPPORT MECH,2026-05-15T16:30:00-04:00,85
f16715021f44427e83b7d0a835098c2e,"GROUNDS MAINTENANCE SERVICES - Dover, DE (DE001)",DEPT OF DEFENSE.DEPT OF THE ARMY.AMC.ACC.ACC-CTRS.ACC-NJ.W6QK ACC-PICA,2026-05-11T10:00:00-05:00,60
eec49613dc034f2281a5954a98eb4b49,"Arraj - Galvanic Corrosion, Fittings Repair and Replacement",GENERAL SERVICES ADMINISTRATION.PUBLIC BUILDINGS SERVICE.PBS PROJECT DELIVERY WEST - BRANCH A,2026-05-08T14:00:00-06:00,60
f21cee739cf3430bb2870df73066caf4,"HONDA REPAIR PARTS, OILS, AND TOOLS","INTERIOR, DEPARTMENT OF THE.BUREAU OF LAND MANAGEMENT.ALASKA FIRE SERVICE",2026-05-08T14:00:00-08:00,85
f029c697762d485d88ba4196ab0c9d54,7HH 4420 123964379- HEAT EXCHAGER,DEPT OF DEFENSE.DEFENSE LOGISTICS AGENCY.DLA MARITIME.DLA MARITIME MECHANICSBURG.SPRMM1 DLA MECHANICSBURG,2026-05-12T16:30:00-04:00,85
88b00dd92f7846f2a8cd9345ed4da0e3,2026 Kaniksu Fuels Treatments SSC,"AGRICULTURE, DEPARTMENT OF.FOREST SERVICE.USDA-FS, STEWARDSHIP CONTRACTING BRANCH",2026-05-26T08:00:00-07:00,85
ef554e04d41f4c1b8a96ea9fc5b5e64e,12 MXG Laser Engraver System,DEPT OF DEFENSE.DEPT OF THE AIR FORCE.AIR EDUCATION AND TRAINING COMMAND.JOINT BASE SAN ANTONIO.FA3016  502 CONS CL,2026-04-27T12:00:00-05:00,60
f157a902ddd34810aa79ea2ba0cad3e5,USS FRANK CABLE Steam Valves,DEPT OF DEFENSE.DEPT OF THE NAVY.MSC.MSFSC.MILITARY SEALIFT FLEET SUPPORT CMD,2026-05-20T13:00:00-04:00,85
f0f4674ed3e84831b0d29fbc812dd89e,1377-01-356-7841 SP02 1377-01-356-7842 SP03,DEPT OF DEFENSE.DEPT OF THE NAVY.NAVSUP.NAVSUP WEAPON SYSTEMS SUPPORT.NAVSUP WSS MECHANICSBURG.NAVSUP WEAPON SYSTEMS SUPPORT MECH,2026-05-04T14:00:00-04:00,85
ec9873737c7c4974bc7017773f00c6e6,F--BLM EMERALD MOUNTAIN MASTICATION,"INTERIOR, DEPARTMENT OF THE.BUREAU OF LAND MANAGEMENT.NATIONAL INTERAGENCY FIRE CENTER",2026-04-22T09:00:00-06:00,60
cc2d2fece70f4335bb93cffd906975e7,"STUD,CONTINUOUS THR",DEPT OF DEFENSE.DEPT OF THE NAVY.NAVSUP.NAVSUP WEAPON SYSTEMS SUPPORT.NAVSUP WSS MECHANICSBURG.NAVSUP WEAPON SYSTEMS SUPPORT MECH,2026-05-15T16:30:00-04:00,85
e6a84b08c6ea446bae8f4a3232b9d581,LE VEHICLE UPFITS NCMD,"INTERIOR, DEPARTMENT OF THE.BUREAU OF LAND MANAGEMENT.MONTANA STATE OFFICE",2026-05-05T17:00:00-06:00,60
e3611e9a85e84bc783ea91dcf9203244,Jacksonville JOC RFP,DEPT OF DEFENSE.DEPT OF THE NAVY.NAVFAC.NAVFAC ATLANTIC CMD.NAVFAC SOUTHEAST.NAVFACSYSCOM SOUTHEAST,2026-04-30T13:00:00-05:00,85
e25df635391a4076aa8495f8fab0b6e9,VAARNG Dental Services BPA,DEPT OF DEFENSE.DEPT OF THE ARMY.NATIONAL GUARD BUREAU.JFHQ USPFO VA.USPFO VA PROCUREMENT.W7N5 USPFO ACTIVITY VA ARNG,2026-05-01T11:00:00-04:00,85
e4aabcce329446c78bf5391a7f0ceef8,"2040 BITT, HALF INCH",DEPT OF DEFENSE.DEPT OF THE NAVY.NAVSUP.NAVSUP GLOBAL LOGISTICS SUPPORT.NAVSUP FLC PUGET SOUND.NAVSUP FLT LOG CTR PUGET SOUND,2026-04-24T11:00:00-07:00,85
e587792c56244281abae99e4b60044f4,"BLADE,COMPRESSOR,AI",DEPT OF DEFENSE.DEFENSE LOGISTICS AGENCY.DLA MARITIME.DLA MARITIME MECHANICSBURG.SPRMM1 DLA MECHANICSBURG,2026-05-08T04:30:00-04:00,85
eba544a6a5984eec85a9bdc63509175b,Request for Whitepapers: AEDC Velocity Alliance - A Multi-Billion Dollar OTA Consortium Opportunity,DEPT OF DEFENSE.DEPT OF THE AIR FORCE.AIR FORCE MATERIEL COMMAND.AIR FORCE TEST CENTER.FA9101  AEDC PKP   PROCRMNT BR,2030-09-30T17:00:00-05:00,85
83a1f2009dbc41cabf4ba51788ce0820,Advanced Propulsion Acquisition Contract (APAC) IDIQ,DEPT OF DEFENSE.DEPT OF THE AIR FORCE.FP2042  AFLCMC LPA,2026-04-23T15:00:00-04:00,85
b2bc21c9a8144e858d0fd5724d21f5a0,"16--CONTROL BOX ASS, IN REPAIR/MODIFICATION OF",DEPT OF DEFENSE.DEPT OF THE NAVY.NAVSUP.NAVSUP WEAPON SYSTEMS SUPPORT.NAVSUP WSS PHILADELPHIA.NAVSUP WEAPON SYSTEMS SUPPORT,2026-08-28T14:00:00-04:00,85
154755b8dfb74086bebc3fef631b09d5,"Instrument Name: Security Camera System Procurement and Installation at Military Mail Terminal (MMT), Busan Storage Center (BSC)",DEPT OF DEFENSE.DEPT OF THE ARMY.AMC.ACC.ACC-OO.411TH CSB.0906 AQ CO     DET A CONTRACTI,2026-04-24T10:00:00+09:00,85
f513c0215b004a80b89b94dc00038277,SIEMENS industrial control hardware and associated equipment,DEPT OF DEFENSE.DEPT OF THE NAVY.NAVSEA.NAVSEA WARFARE CENTER.NSWC PHILADELPHIA DIV,2026-05-22T15:00:00-04:00,85
ff11a9d30096492f875881af0e58ebfe,Medical Equipment,DEPT OF DEFENSE.DEPT OF THE ARMY.US ARMY MEDICAL COMMAND.US ARMY HEALTH CONTRACTING ACTIVITY.W40M MRC0 WEST,2026-04-24T11:00:00-06:00,80
f2787d3194514116bc16854d65cc0a85,"F--FORESTRY STEWARDSHIP IDIQ, OREGON","INTERIOR, DEPARTMENT OF THE.BUREAU OF LAND MANAGEMENT.OREGON STATE OFFICE",2026-05-20T11:00:00-07:00,60
ece5d16b315c4bc4be6a0a40f46c5cf5,"Combined Project-Billings Cellblock refresh, Bozeman Wall addition, Bozeman Freezer HVAC",GENERAL SERVICES ADMINISTRATION.PUBLIC BUILDINGS SERVICE.PBS PROJECT DELIVERY WEST - BRANCH E,2026-05-07T16:30:00-05:00,70
e59d11e9483b49569f36811f5a91ea9d,6515--Brand Name or Equal: RANGER XP 1000 - UTV,"VETERANS AFFAIRS, DEPARTMENT OF.VETERANS AFFAIRS, DEPARTMENT OF.252-NETWORK CONTRACT OFFICE 12 (36C252)",2026-04-30T12:00:00-05:00,80
e3d6ce10c95c4435a62ac12ec2141b77,Test and Evaluation Services,DEPT OF DEFENSE.DEPT OF THE NAVY.NAVSUP.NAVSUP GLOBAL LOGISTICS SUPPORT.NAVSUP FLC NORFOLK.NAVSUP FLT LOG CTR NORFOLK,2026-05-06T12:00:00-04:00,85
efe4a55edbdb4666b64aa30992058b8c,"Special Tactics Complex, Oregon Air National Guard",DEPT OF DEFENSE.DEPT OF THE ARMY.US ARMY CORPS OF ENGINEERS.ENGINEER DIVISION NORTHWESTERN.ENDIST SEATTLE.W071 ENDIST SEATTLE,2026-05-04T11:00:00-07:00,85
ec610c4f19a144e292606100b23a4646,LASER WELDER PACKAGE,DEPT OF DEFENSE.DEFENSE LOGISTICS AGENCY.DLA MARITIME.DLA MARITIME SHIPYARDS.DLA MARITIME - PUGET SOUND,2026-04-24T17:00:00-07:00,85
e0dd889c919c4bcea625215ee2b62806,56--WALLPAPER REPRODUCTION SERVICE FOR MAGGIE WALKER L,"INTERIOR, DEPARTMENT OF THE.NATIONAL PARK SERVICE.NER SERVICES MABO (43000)",2026-05-06T12:00:00-04:00,60
dece99c6fc7f4909a30f223ff8e1e4c1,"LATCH, IMU DOLLY",DEPT OF DEFENSE.DEPT OF THE NAVY.NAVSUP.NAVSUP WEAPON SYSTEMS SUPPORT.NAVSUP WSS MECHANICSBURG.NAVSUP WEAPON SYSTEMS SUPPORT MECH,2026-05-20T16:30:00-04:00,85
de57d8295d4b4018a334d1c832258497,TANK,DEPT OF DEFENSE.DEFENSE LOGISTICS AGENCY.DLA MARITIME.DLA MARITIME SHIPYARDS.DLA MARITIME - PUGET SOUND,2026-04-24T09:00:00-07:00,85
de2be78387b84766a71cfcf080d46f7b,SOLICITATION--U.S. Army West Point Services for Cellular Distributed Antenna System (DAS) Modernization Phase 1,DEPT OF DEFENSE.DEPT OF THE ARMY.AMC.ACC.MISSION INSTALLATION CONTRACTING COMMAND.FDO EUSTIS.W6QM MICC-WEST POINT,2026-05-12T12:00:00-04:00,60
df556880dd6246a48192e9df3f1ee464,San Joaquin/Stockton DWSC FY26 Maintenance Dredging Project,DEPT OF DEFENSE.DEPT OF THE ARMY.US ARMY CORPS OF ENGINEERS.ENGINEER DIVISION SOUTH PACIFIC.ENDIST SAN FRANCISCO.W075 ENDIST SAN FRAN,2026-05-11T11:30:00-07:00,60
b9f3b2b58cc543c48a918f4d17256c53,6515--SIMULATION EYESI,"VETERANS AFFAIRS, DEPARTMENT OF.VETERANS AFFAIRS, DEPARTMENT OF.246-NETWORK CONTRACTING OFFICE 6 (36C246)",2026-04-30T10:00:00-04:00,60
d9babf9bfc784bfd93820146b834bf09,DECODER,DEPT OF DEFENSE.DEFENSE LOGISTICS AGENCY.DLA MARITIME.DLA MARITIME MECHANICSBURG.SPRMM1 DLA MECHANICSBURG,2026-05-16T16:30:00-04:00,80
dbd77388c65e4da4b331fe30e4762c7d,"Maintenance Dredging of NY & NJ Channels, Seguine/Ward/Outerbridge Reaches, Federal Navigation Project",DEPT OF DEFENSE.DEPT OF THE ARMY.US ARMY CORPS OF ENGINEERS.ENGINEER DIVISION NORTH ATLANTIC.ENDIST NEW YORK.W2SD ENDIST NEW YORK,2026-05-15T14:00:00-04:00,60
ced0a038df0343faa0974f69aac56450,"Mississippi River, Baton Rouge to the Gulf, Southwest Pass Maintenance Dredging Non- Continuous Mile 6.0 AHP to Mile 19.5 BHP Cutterhead Dredge No. 2-2026 Specification No. OM26276",DEPT OF DEFENSE.DEPT OF THE ARMY.US ARMY CORPS OF ENGINEERS.ENGINEER DIVISION MISSISSIPPI VALLEY.ENDIST NEW ORLEANS.W07V ENDIST NEW ORLEANS,2028-04-15T10:30:00-05:00,60
d632823a5e0547c8ac616c674cf28d0c,"REPAIR of NRP,SERVER,REAR IO",DEPT OF DEFENSE.DEPT OF THE NAVY.NAVSUP.NAVSUP WEAPON SYSTEMS SUPPORT.NAVSUP WSS MECHANICSBURG.NAVSUP WEAPON SYSTEMS SUPPORT MECH,2026-05-11T16:00:00-04:00,85
d1425bcbecf84e1db74d79f6c6692897,Boat Motor & Rigging,DEPT OF DEFENSE.DEPT OF THE AIR FORCE.SPACE SYSTEMS COMMAND.FA2521  45 CONS PK,2026-05-05T15:00:00-04:00,85
e17216707d504ec0be91f3ed564d5822,"DART Hull Replacements for the National Data Buoy Center at Stennis Space Center, MS","COMMERCE, DEPARTMENT OF.NATIONAL OCEANIC AND ATMOSPHERIC ADMINISTRATION.DEPT OF COMMERCE NOAA",2026-04-30T11:00:00-04:00,60
deefd68fad32405199975056abeb0816,Herbicide/Fertilizer Application,"JUSTICE, DEPARTMENT OF.FEDERAL PRISON INDUSTRIES, INC.FEDERAL PRISON INDUSTRIES, INC",2026-04-29T17:00:00-04:00,60
d0d1d5c415ae4df0b0377737f5d9eb3e,"Solicitation for Cable Assembly, Spec  - NSN: 6150-01-578-0469",DEPT OF DEFENSE.DEPT OF THE ARMY.AMC.ACC.ACC-CTRS.ACC-DTA.W6QK ACC- DTA,2026-04-24T16:00:00-04:00,60
df55af1b347142faa4be02db19d31475,Hose Assembly,DEPT OF DEFENSE.DEPT OF THE NAVY.NAVSEA.NAVSEA SHIPYARD.PUGET SOUND NAVAL SHIPYARD IMF,2026-05-05T14:00:00-07:00,85
cbe4ad0303e942209d72373fbfe6ea33,Dover Music Ministries - Amendment 2,DEPT OF DEFENSE.DEPT OF THE AIR FORCE.AIR MOBILITY COMMAND.FA4497  436 CONS LGC,2026-04-22T12:00:00-04:00,60
c8ff8e99fe63474b9db2e4ddad7d3601,SOLICITATION - National Capital Region (NCR) Multiple Award Task Order Contract (MATOC),DEPT OF DEFENSE.DEPT OF THE ARMY.AMC.ACC.MISSION INSTALLATION CONTRACTING COMMAND.FDO SAM HOUSTON.W6QM MICC TSC,2026-05-08T14:00:00-05:00,60
c89a4b3091aa4468b9436e948c850e6d,"CONSTRUCT RANGE ROAD 218 BY-PASS AT D-51, EGLIN AIR FORCE BASE, FLORIDA",DEPT OF DEFENSE.DEPT OF THE ARMY.US ARMY CORPS OF ENGINEERS.ENGINEER DIVISION SOUTH ATLANTIC.ENDIST MOBILE.W074 ENDIST MOBILE,2026-05-26T14:00:00-05:00,60
c7c97cf643774dcdb8153a7888dd3a68,USCG Station Annapolis Sewage Lift Station Replacement & Repairs,"HOMELAND SECURITY, DEPARTMENT OF.US COAST GUARD.BASE PORTSMOUTH(00027)",2026-04-21T12:00:00-04:00,60
b0bfb62fdbb94fc48d71a69dce850447,"KIT, BRAKE PARTS","HOMELAND SECURITY, DEPARTMENT OF.US COAST GUARD.SFLC PROCUREMENT BRANCH 2(00085)",2026-05-01T13:00:00-04:00,85
c6398f208f1241cab3d2de30bc423a18,6550--Butler VA Healthcare Clinic Brand Name Only Requirement  Bio-Rad Immunoassay QC Materials,"VETERANS AFFAIRS, DEPARTMENT OF.VETERANS AFFAIRS, DEPARTMENT OF.244-NETWORK CONTRACT OFFICE 4 (36C244)",2026-04-27T15:00:00-04:00,85
d6edc378d6f940e5aee71c0c7d2fd1cd,Chapel Facility Door Restoration - Maxwell AFB,DEPT OF DEFENSE.DEPT OF THE AIR FORCE.AIR EDUCATION AND TRAINING COMMAND.FA3300  42 CONS CC,2026-04-27T13:00:00-05:00,85
a82c55beb32549c9b6a5a8d4210eed52,PREMISE WIRING B145,DEPT OF DEFENSE.DEPT OF THE AIR FORCE.AIR FORCE GLOBAL STRIKE COMMAND.FA4626  341 CONS  LGC,2026-04-24T13:00:00-06:00,85
e0ef1903a82c43f384d246c862258ab7,"TRANSMITTER,PRESSUR",DEPT OF DEFENSE.DEPT OF THE NAVY.NAVSUP.NAVSUP WEAPON SYSTEMS SUPPORT.NAVSUP WSS MECHANICSBURG.NAVSUP WEAPON SYSTEMS SUPPORT MECH,2026-05-22T16:30:00-04:00,85
d59a4c96f27d45ae9ea4d4d5da6fc38f,USNS SUPPLY Telephone System,DEPT OF DEFENSE.DEPT OF THE NAVY.MSC.MSC HQS.MSCHQ NORFOLK,2026-04-27T10:00:00-04:00,85
cdfbaa884c5841c08a843af8e688799b,Misawa Information Monitoring and Protection Services (IMPS),DEPT OF DEFENSE.DEPT OF THE AIR FORCE.PACIFIC AIR FORCES.FA5205  35 CONS PK,2026-05-05T10:00:00+09:00,85
ac0c06a9b1ab4c4fa583a8a23f0ab40b,Z2DA--Install DDPO per CSR 676-26-702  Tomah,"VETERANS AFFAIRS, DEPARTMENT OF.VETERANS AFFAIRS, DEPARTMENT OF.PCAC (36C776)",2026-04-30T13:00:00-04:00,85
d75c12966a0c478a8826fbc614eca102,Receiver Subassembly,DEPT OF DEFENSE.DEPT OF THE NAVY.NAVSUP.NAVSUP WEAPON SYSTEMS SUPPORT.NAVSUP WSS MECHANICSBURG.NAVSUP WEAPON SYSTEMS SUPPORT MECH,2026-05-08T16:30:00-04:00,85
ba391022fbfa4badbb9ec07c3fb668b5,Y--Pojoaque Basin Regional Water System Phase II Desi,"INTERIOR, DEPARTMENT OF THE.BUREAU OF RECLAMATION.UPPER COLORADO REGIONAL OFFICE",2026-05-15T17:00:00-06:00,60
aa5f7350f9514aa49eadbe88cd0b76d2,Captive Bolt,DEPT OF DEFENSE.DEPT OF THE NAVY.NAVSUP.NAVSUP WEAPON SYSTEMS SUPPORT.NAVSUP WSS MECHANICSBURG.NAVSUP WEAPON SYSTEMS SUPPORT MECH,2026-05-18T16:00:00-04:00,85
9fa0cd02372143bc83a241cc47b5275a,Fruits and Vegetables for West Virginia Troops and Schools,DEPT OF DEFENSE.DEFENSE LOGISTICS AGENCY.TROOP SUPPORT SUBSISTENCE.DLA TROOP SUPPORT,2026-05-08T15:00:00-04:00,85
a8d77cdeb35f4a4b9464c056e4b4eed4,DG10--LEADS 3.0 PRIVATE ETHERNET TRANSPORT SERVICE  MARION VA HEALTH CARE SYSTEM,"VETERANS AFFAIRS, DEPARTMENT OF.VETERANS AFFAIRS, DEPARTMENT OF.255-NETWORK CONTRACT OFFICE 15 (36C255)",2026-05-12T07:00:00-05:00,60
a48027bdcbce4af0b65c6fcbf1ed7c51,"9999--Hazardous Waste Removal Muskogee VAMC  One year JMI, Ernest and JCM VAMC","VETERANS AFFAIRS, DEPARTMENT OF.VETERANS AFFAIRS, DEPARTMENT OF.NETWORK CONTRACT OFFICE 19 (36C259)",2026-04-29T10:00:00-05:00,82
9cc2085db499434fa53cd1551eb52346,BIO-RAD LABORATORIES BPA,"INTERIOR, DEPARTMENT OF THE.US GEOLOGICAL SURVEY.OFC OF ACQUISITION  GRANTS-DENVER",2026-04-29T17:00:00-04:00,60
8c6cc7b3253e421fbe62960e17ed1b49,Gearbox,"DEPT OF DEFENSE.DEFENSE LOGISTICS AGENCY.DLA AVIATION.DLA AVIATION OGDEN.DLA  AVIATION AT OGDEN, UT",2026-05-22T23:59:00-06:00,85
8e5b65d5e6e14a57bf22fa1dc04c2f41,"Request for Proposal to Solicitation W912DR26RA035, Rocket Missile Maintenance Facility (RMMF) Letterkenny Army Depot (LEAD) Precision Strike Missile System (PrSM) and Commercial Vehicle Access Control Point (ACP)",DEPT OF DEFENSE.DEPT OF THE ARMY.US ARMY CORPS OF ENGINEERS.ENGINEER DIVISION NORTH ATLANTIC.ENDIST BALTIMORE.W2SD ENDIST BALTIMORE,2026-06-01T12:00:00-04:00,80
c6db8e946bc346da8662cde19e460572,Q522--Other - VISN 9 Tele-Radiology Contract - VISN  Replacement base+4 requirement,"VETERANS AFFAIRS, DEPARTMENT OF.VETERANS AFFAIRS, DEPARTMENT OF.249-NETWORK CONTRACT OFFICE 9 (36C249)",2026-05-08T10:00:00-05:00,60
c0825feea265479b9ba46238428350c5,MXG Air Compressor Maintenance,DEPT OF DEFENSE.DEPT OF THE AIR FORCE.AIR MOBILITY COMMAND.FA4620  92 CONS LGC,2026-05-01T10:00:00-07:00,60
f6d3769151094a36b110842665f9fc04,Replace Underground Water Valves,DEPT OF DEFENSE.DEPT OF THE ARMY.NATIONAL GUARD BUREAU.JFHQ USPFO NY.USPFO NY PROCUREMENT.W7NR USPFO ACTIVITY NYANG 109,2026-05-14T12:00:00-04:00,60
c4441264b06a4ea3b9b1d284e7258087,"NSN 2915014071507NZ_ Fuel Control, Main, t_F100_PN: 4089355_FD20302500169","DEPT OF DEFENSE.DEFENSE LOGISTICS AGENCY.DLA AVIATION.DLA AVIATION OKLAHOMA CITY.DLA AVIATION AT OKLAHOMA CITY, OK",2026-05-20T15:00:00-05:00,85
c20fd7dfcae54f6dad365e10a8335c44,Advance Cockpit System (ACS) LTC,DEPT OF DEFENSE.DEPT OF THE NAVY.NAVSUP.NAVSUP WEAPON SYSTEMS SUPPORT.NAVSUP WSS PHILADELPHIA.NAVSUP WEAPON SYSTEMS SUPPORT,2026-05-08T16:00:00-04:00,85
bc29e0bb210e433caa60a35437208b58,LED HEADLIGHT BAND,DEPT OF DEFENSE.DEFENSE LOGISTICS AGENCY.DLA MARITIME.DLA MARITIME SHIPYARDS.DLA MARITIME - PUGET SOUND,2026-04-21T10:00:00-07:00,82
fff17f5d0a0c48ff93801eb24b4dcce1,"Heat Exchanger, Air","DEPT OF DEFENSE.DEFENSE LOGISTICS AGENCY.DLA AVIATION.DLA AVIATION PHILADELPHIA.DLA AVIATION AT PHILADELPHIA, PA",2026-05-27T17:00:00-04:00,85
4a57979b089c4b49846d66484e56772e,FM200 and R102 Maintenance and Inspection for Navy Yard Tugs in Yokosuka Japan,DEPT OF DEFENSE.DEPT OF THE NAVY.NAVSUP.NAVSUP GLOBAL LOGISTICS SUPPORT.NAVSUP FLC YOKOSUKA.NAVSUP FLT LOG CTR  YOKOSUKA,2026-05-22T11:00:00+09:00,82
de8a4fe02f2b4881915ee3618dd7554e,"VALVE,DIAPHRAM CONT",DEPT OF DEFENSE.DEPT OF THE NAVY.NAVSUP.NAVSUP WEAPON SYSTEMS SUPPORT.NAVSUP WSS MECHANICSBURG.NAVSUP WEAPON SYSTEMS SUPPORT MECH,2026-05-12T16:00:00-04:00,85
ffacf42b16c04119a7753cce8f5862f4,Request for Whitepapers: AEDC Velocity Alliance - A Multi-Billion Dollar OTA Consortium Opportunity,DEPT OF DEFENSE.DEPT OF THE AIR FORCE.AIR FORCE MATERIEL COMMAND.AIR FORCE TEST CENTER.FA9101  AEDC PKP   PROCRMNT BR,2030-09-30T17:00:00-05:00,60
91953c21c3ae4e89b2c3344fe585c785,"Valve, Ball_Union_Hose",DEPT OF DEFENSE.DEPT OF THE NAVY.NAVSEA.NAVSEA SHIPYARD.PUGET SOUND NAVAL SHIPYARD IMF,2026-04-23T14:00:00-07:00,85
fc7b0478d0514f52a14878f38317adec,POWER SUPPLY,DEPT OF DEFENSE.DEPT OF THE NAVY.NAVSUP.NAVSUP WEAPON SYSTEMS SUPPORT.NAVSUP WSS MECHANICSBURG.NAVSUP WEAPON SYSTEMS SUPPORT MECH,2026-05-21T16:00:00-04:00,85
f14c4c883578455bb3a6bb9107df2f47,U.S. Senate Cisco Catalyst Hardware,"SENATE, THE.THE UNITED STATES SENATE SERGEANT AT ARMS.SENATE SERGEANT AT ARMS",2026-05-04T12:00:00-04:00,80
cbc18f5181174141919d3bd4f6a6a742,Albany MEPS Noon Meals,DEPT OF DEFENSE.DEPT OF THE ARMY.AMC.ACC.MISSION INSTALLATION CONTRACTING COMMAND.FDO SAM HOUSTON.W6QM MICC-FT KNOX,2026-06-01T10:00:00-04:00,85
cccb451ef2ad43138e33ef9631c356fe,"STUD,CONTINUOUS THR",DEPT OF DEFENSE.DEPT OF THE NAVY.NAVSUP.NAVSUP WEAPON SYSTEMS SUPPORT.NAVSUP WSS MECHANICSBURG.NAVSUP WEAPON SYSTEMS SUPPORT MECH,2026-05-15T16:30:00-04:00,85
e2445f575cb74312acce15460de8ef43,F--Eastern States ORC Region 3,"INTERIOR, DEPARTMENT OF THE.BUREAU OF LAND MANAGEMENT.WASHINGTON DC OFFICE",2026-05-29T16:00:00-04:00,80
5cd973d8d78b424dab42e60f8a9a070f,"MOTOR,ALTERNATING C","HOMELAND SECURITY, DEPARTMENT OF.US COAST GUARD.SFLC PROCUREMENT BRANCH 2(00085)",2026-04-21T11:00:00-04:00,85
8c6df874b04c423dbef77621d3f8a718,R--Personnel Security / National Security Information,"ENVIRONMENTAL PROTECTION AGENCY.ENVIRONMENTAL PROTECTION AGENCY.CONSTRUCTION, FINANCE, ADMINISTRATIVE & IA DIVISION",2026-04-30T14:30:00-04:00,85
e374b8cce1764c03a29f2dbad636087b,"COMPRESSOR,MARC350A",DEPT OF DEFENSE.DEPT OF THE NAVY.NAVSUP.NAVSUP WEAPON SYSTEMS SUPPORT.NAVSUP WSS MECHANICSBURG.NAVSUP WEAPON SYSTEMS SUPPORT MECH,2026-05-01T16:30:00-04:00,85
d8d6e931b1a64fe28190aac9cfed00b6,Daikin VRV COMPRESSOR,DEPT OF DEFENSE.DEPT OF THE ARMY.AMC.ACC.ACC-OO.411TH CSB.0906 AQ CO     DET A CONTRACTI,2026-04-27T13:00:00+09:00,85
daf24f978e85451fa3ceeeb36f47314c,NUT,DEPT OF DEFENSE.DEPT OF THE NAVY.NAVSUP.NAVSUP WEAPON SYSTEMS SUPPORT.NAVSUP WSS MECHANICSBURG.NAVSUP WEAPON SYSTEMS SUPPORT MECH,2026-04-17T17:00:00-04:00,85
f37c09d58f82437ba0694c2b34656a1b,"SEAL,METALLIC,AIRCR","DEPT OF DEFENSE.DEFENSE LOGISTICS AGENCY.DLA AVIATION.DLA AVIATION OKLAHOMA CITY.DLA AVIATION AT OKLAHOMA CITY, OK",2026-05-13T17:00:00-05:00,85
ef0d885b586048d799380756248a89a5,Base Bleed Stand Alone OTA,DEPT OF DEFENSE.DEPT OF THE ARMY.AMC.ACC.ACC-CTRS.ACC-NJ.W6QK ACC-PICA,2026-04-30T17:00:00-05:00,85
ed9b24bb038449ef9eee9d5a1206f5ea,"R--Appraisal Services for BET_26_1 (Bethal, Alaska) ","INTERIOR, DEPARTMENT OF THE.DEPARTMENTAL OFFICES.IBC ACQ SVCS DIRECTORATE (00004)",2026-04-29T15:00:00-06:00,40
ec500500f0a543649917d54ba270e559,SeaPort - Expeditionary Combat Skills (ECS) Instructor Support Services,DEPT OF DEFENSE.DEPT OF THE NAVY.NAVSUP.NAVSUP GLOBAL LOGISTICS SUPPORT.NAVSUP FLC NORFOLK.NAVSUP FLT LOG CTR NORFOLK,2026-05-25T14:00:00-04:00,72
ebb0b3c0d889423493d618be4d7497ae,"43 - PUMP, AXIAL PISTONS",DEPT OF DEFENSE.DEFENSE LOGISTICS AGENCY.DLA MARITIME.DLA MARITIME MECHANICSBURG.SPRMM1 DLA MECHANICSBURG,2026-05-28T16:30:00-04:00,82
d252ef19504d4ee5a0202f3f87f32cfe,Y1DA--652-24-103 Increase Surgical Access,"VETERANS AFFAIRS, DEPARTMENT OF.VETERANS AFFAIRS, DEPARTMENT OF.246-NETWORK CONTRACTING OFFICE 6 (36C246)",2026-05-18T09:00:00-04:00,60
e255623395ca4aae8145e151a24f0a56,Construction Projects Escorts,DEPT OF DEFENSE.DEPT OF THE AIR FORCE.PACIFIC AIR FORCES.FA5205  35 CONS PK,2026-05-01T10:00:00+09:00,60
e1b3e225bacf4637a3b9c07cfba55174,"NIH Professional, Scientific and Technical Support Services","HEALTH AND HUMAN SERVICES, DEPARTMENT OF.NATIONAL INSTITUTES OF HEALTH.NATIONAL INSTITUTES OF HEALTH OLAO",2026-05-08T15:00:00-04:00,60
df7baac0a0314bd897631a15dd9d7bc5,Portable Liquid Sampler IAW Salients,"INTERIOR, DEPARTMENT OF THE.US GEOLOGICAL SURVEY.OFC OF ACQUSITION  GRANTS-NATIONAL",2026-04-30T11:00:00-04:00,85
dcf6938946ea4e1ba6c53e4c0e00b772,Amendment 2 for Bill of Materials (BOM) in Papua New Guinea (PNG),DEPT OF DEFENSE.DEPT OF THE ARMY.AMC.ACC.ACC-OO.413TH CSB.0413 AQ HQ     CONTRACT AUG,2026-04-29T09:00:00-10:00,60
d9c710230dfa4aa3b7fde862383c4b32,Bulk Propane Supply & Delivery - Dugway Proving Ground - RFQ Amendment 0001,DEPT OF DEFENSE.DEPT OF THE ARMY.AMC.ACC.MISSION INSTALLATION CONTRACTING COMMAND.418TH CSB.W6QM MICC-DUGWAY PROV GRD,2026-05-06T10:00:00-06:00,60
d72c50b721524878b9b74e21622e692c,CIRCUIT CARD ASSEMBLY,DEPT OF DEFENSE.DEPT OF THE NAVY.NAVSUP.NAVSUP WEAPON SYSTEMS SUPPORT.NAVSUP WSS MECHANICSBURG.NAVSUP WEAPON SYSTEMS SUPPORT MECH,2026-05-05T16:30:00-04:00,85
d01a6227be3741d1819c5c644e3a4ffc,Additively Manufactured Ti64 and Ni718 Very High Cycle Fatigue Test Bars,NATIONAL AERONAUTICS AND SPACE ADMINISTRATION.NATIONAL AERONAUTICS AND SPACE ADMINISTRATION.NASA SHARED SERVICES CENTER,2026-04-30T14:00:00-05:00,80
ce1c9770a5134f92b1284b446b916215,5BDE Laredo ISD JCLC,DEPT OF DEFENSE.DEPT OF THE ARMY.AMC.ACC.MISSION INSTALLATION CONTRACTING COMMAND.FDO SAM HOUSTON.W6QM MICC-FT KNOX,2026-04-29T11:00:00-04:00,60
c96b7ab6072b49a3a4e42cf3d559686b,"BOX, JUNCTION",DEPT OF DEFENSE.DEPT OF THE NAVY.NAVSUP.NAVSUP WEAPON SYSTEMS SUPPORT.NAVSUP WSS MECHANICSBURG.NAVSUP WEAPON SYSTEMS SUPPORT MECH,2026-04-24T16:30:00-04:00,85
c6480dd5ecbc4916b13b730647a22f6b,FIRE SUPPRESSION SUPPORT,DEPT OF DEFENSE.DEPT OF THE NAVY.NAVFAC.NAVFAC ATLANTIC CMD.NAVFAC MID-ATLANTIC.NAVFACSYSCOM MID-ATLANTIC,2026-05-27T14:30:00-04:00,85
c64755d9a9444378b6d37da54f98936d,Team Submarine SHAPM Follow-on,DEPT OF DEFENSE.DEPT OF THE NAVY.NAVSEA.NAVSEA WARFARE CENTER.NUWC DIV NEWPORT,2026-05-07T14:00:00-05:00,85
c0626321d7cf46aaaed011d6d384d036,Y1DZ--EHRM Infrastructure Upgrades Tier 1  Construction 695-21-700 Milwaukee,"VETERANS AFFAIRS, DEPARTMENT OF.VETERANS AFFAIRS, DEPARTMENT OF.PCAC (36C776)",2026-06-24T12:00:00-04:00,60
bf5954d71e374cf68e6dcba825760144,6515--Brand Name Only: RaySafe X2 Dosimeter  (VA-26-00038682),"VETERANS AFFAIRS, DEPARTMENT OF.VETERANS AFFAIRS, DEPARTMENT OF.252-NETWORK CONTRACT OFFICE 12 (36C252)",2026-05-07T12:00:00-05:00,85
baad8517f22b473eb145de900a9a75e6,"Modernize Elevators NRM Construction  Project  636A6-22-500  VA Central Iowa Health Care System (VACIHCS)  Des Moines, IA 50310","VETERANS AFFAIRS, DEPARTMENT OF.VETERANS AFFAIRS, DEPARTMENT OF.PCAC (36C776)",2026-05-06T13:00:00-04:00,85
b9d8fd26462e47cb930dc11d909cc5ca,Material Transfer Vehicle (MTV) - Avon Park,DEPT OF DEFENSE.DEPT OF THE AIR FORCE.AIR MOBILITY COMMAND.FA4814 6 CONS PK,2026-05-08T17:00:00-04:00,85
b8b4c646b8dc4f679226e4fe7039c293,Garrison Project - Refuse Removal,DEPT OF DEFENSE.DEPT OF THE ARMY.US ARMY CORPS OF ENGINEERS.ENGINEER DIVISION NORTHWESTERN.ENDIST OMAHA.W071 ENDIST OMAHA,2026-05-12T14:00:00-05:00,85
b2c2a0875b5647cd99188b8d36f1ce59,"2040 Shock Absorber, Wire Rope (used for boat davit)",DEPT OF DEFENSE.DEPT OF THE NAVY.NAVSUP.NAVSUP GLOBAL LOGISTICS SUPPORT.NAVSUP FLC PUGET SOUND.NAVSUP FLT LOG CTR PUGET SOUND,2026-05-06T12:00:00-07:00,85
cb2d2ee00e2c4eb8923135461495c102,"STUD,SHOULDERED AND",DEPT OF DEFENSE.DEPT OF THE NAVY.NAVSUP.NAVSUP WEAPON SYSTEMS SUPPORT.NAVSUP WSS MECHANICSBURG.NAVSUP WEAPON SYSTEMS SUPPORT MECH,2026-05-15T16:30:00-04:00,82
bf23ce9215fe4471a4e18c395a61c9f4,"INDICATOR,FAULT LOC",DEPT OF DEFENSE.DEPT OF THE NAVY.NAVSUP.NAVSUP WEAPON SYSTEMS SUPPORT.NAVSUP WSS MECHANICSBURG.NAVSUP WEAPON SYSTEMS SUPPORT MECH,2026-05-05T16:30:00-04:00,85
c943216feff04a679f691dc34c03fd53,"COUPLING,SHAFT,FLEX",DEPT OF DEFENSE.DEPT OF THE NAVY.NAVSUP.NAVSUP WEAPON SYSTEMS SUPPORT.NAVSUP WSS MECHANICSBURG.NAVSUP WEAPON SYSTEMS SUPPORT MECH,2026-04-30T16:30:00-04:00,85
c8c8cb9c335b4e1b9712786124e8b447,PRESSURE INDICATOR,DEPT OF DEFENSE.DEPT OF THE NAVY.NAVSUP.NAVSUP WEAPON SYSTEMS SUPPORT.NAVSUP WSS MECHANICSBURG.NAVSUP WEAPON SYSTEMS SUPPORT MECH,2026-05-05T16:30:00-04:00,85
ca72d38e79fa4edfa1202001a79bcf3d,REDUCING TEE,DEPT OF DEFENSE.DEPT OF THE NAVY.NAVSUP.NAVSUP GLOBAL LOGISTICS SUPPORT.NAVSUP FLC YOKOSUKA.NAVSUP FLT LOG CTR  YOKOSUKA,2026-04-29T10:00:00+09:00,85
c9265a941f9f482c9b0b2104931d0a5f,6515--SURGICAL XENON LIGHTSOURCE AND ACCESSORIES,"VETERANS AFFAIRS, DEPARTMENT OF.VETERANS AFFAIRS, DEPARTMENT OF.246-NETWORK CONTRACTING OFFICE 6 (36C246)",2026-04-24T11:00:00-04:00,72
c38bdb30702f4c2aac0b1b1ccac1d9a4,3D Mapping Laser Scanner,"VETERANS AFFAIRS, DEPARTMENT OF.VETERANS AFFAIRS, DEPARTMENT OF.255-NETWORK CONTRACT OFFICE 15 (36C255)",2026-05-04T12:00:00-05:00,60
c1d519da899a4862bcb3858b6f8ee14f,San Joaquin/Stockton DWSC FY26 Maintenance Dredging Project,DEPT OF DEFENSE.DEPT OF THE ARMY.US ARMY CORPS OF ENGINEERS.ENGINEER DIVISION SOUTH PACIFIC.ENDIST SAN FRANCISCO.W075 ENDIST SAN FRAN,2026-05-11T11:30:00-07:00,60
c15ed96359b64d42a068304a9c1c2906,"SERV,IRI,1U THEMIS",DEPT OF DEFENSE.DEFENSE LOGISTICS AGENCY.DLA MARITIME.DLA MARITIME MECHANICSBURG.SPRMM1 DLA MECHANICSBURG,2026-05-15T16:30:00-04:00,90
f19f06f02dcf4887b6f452492d6578e5,ICBM MMIII PINS,DEPT OF DEFENSE.DEPT OF THE AIR FORCE.AIR FORCE MATERIEL COMMAND.AIR FORCE SUSTAINMENT CENTER.FA8226  AFSC OL H PZACA (NON-STOCK),2026-04-22T17:00:00-06:00,85
ed51f30bfd334eb0ae2bfe2bf3007fa7,"Solicitation: Power Unit, Diesel (NSN: 2815-01-608-0229) - AMENDED",DEPT OF DEFENSE.DEPT OF THE ARMY.AMC.ACC.ACC-CTRS.ACC-DTA.W6QK ACC- DTA,2026-05-26T14:00:00-04:00,85
7ba96dd4cbc74192a13b3303b8a8215c,SUPPLY AND DELIVERY OF PASSENGER VEHICLE FOR U.S. EMBASSY APIA,"STATE, DEPARTMENT OF.STATE, DEPARTMENT OF.US EMBASSY APIA",2026-05-06T16:00:00+10:00,85
f3f59e7e07ee4392b214fa2713e8706d,"VALVE, REGULATING, TEMPERATURE",DEPT OF DEFENSE.DEFENSE LOGISTICS AGENCY.DLA LAND.DLA LAND WARREN MICHIGAN.DLA LAND WARREN,2026-04-27T16:00:00-04:00,85
c774a36a1625499cb6dccda9ede44088,Magnet Power Supplies,"ENERGY, DEPARTMENT OF.ENERGY, DEPARTMENT OF.FERMILAB - DOE CONTRACTOR",2026-05-12T23:59:00-05:00,60
f02a92bf632e49d2ba43e3f83c4de642,"3HD 3040 017330673 D5, SHAFT",DEPT OF DEFENSE.DEPT OF THE NAVY.NAVSUP.NAVSUP WEAPON SYSTEMS SUPPORT.NAVSUP WSS MECHANICSBURG.NAVSUP WEAPON SYSTEMS SUPPORT MECH,2026-05-28T16:30:00-04:00,85
de7f5efe690845128ce5babbe73dc203,Beckman Coulter Microplates,"ENVIRONMENTAL PROTECTION AGENCY.ENVIRONMENTAL PROTECTION AGENCY.WATER, TRIBAL & SCIENCE DIVISION",2026-05-05T12:00:00-04:00,60
dc8f7e2efc28490abcf306a089a3033b,GLCA HANGING GARDENS ROAD CHIP SEAL,"INTERIOR, DEPARTMENT OF THE.NATIONAL PARK SERVICE.IMR ARIZONA(12400)",2026-05-28T12:00:00-06:00,60
db5cc7009d4b4637b9a298ff0eeef2a2,"J--SERVER ACOUSTIC ENE, IN REPAIR/MODIFICATION OF",DEPT OF DEFENSE.DEPT OF THE NAVY.NAVSUP.NAVSUP WEAPON SYSTEMS SUPPORT.NAVSUP WSS MECHANICSBURG.NAVSUP WEAPON SYSTEMS SUPPORT MECH,2026-05-28T16:00:00-04:00,85
d5d065c32eef4387a4ae9edcd050ece8,"FUSE,CARTRIDGE",DEPT OF DEFENSE.DEPT OF THE NAVY.NAVSUP.NAVSUP WEAPON SYSTEMS SUPPORT.NAVSUP WSS MECHANICSBURG.NAVSUP WEAPON SYSTEMS SUPPORT MECH,2026-05-26T16:30:00-04:00,85
d472c272c03f4234af404e5243520ce3,J--Organ Pipe Cactus National Monument (ORPI)- Requir,"INTERIOR, DEPARTMENT OF THE.NATIONAL PARK SERVICE.IMR ARIZONA(12400)",2026-06-01T13:00:00-06:00,80
ce4c4b6bdfb84efa9905cc814d45dcff,Upgrade Sanitary and Storm Systems at the National Museum of Natural History,SMITHSONIAN INSTITUTION.SMITHSONIAN INSTITUTION.SMITHSONIAN INSTITUTION,2026-05-20T15:00:00-04:00,60
cd83d60dbfd64759bdbda978ae9a68ed,"1HM 5315 016439956 D4, PIN SPINDLE",DEPT OF DEFENSE.DEPT OF THE NAVY.NAVSUP.NAVSUP WEAPON SYSTEMS SUPPORT.NAVSUP WSS MECHANICSBURG.NAVSUP WEAPON SYSTEMS SUPPORT MECH,2026-05-27T04:30:00-04:00,60
cc115a865b8044ec95b866580425077b,"Parts Kit, Ball Valve",DEPT OF DEFENSE.DEPT OF THE NAVY.NAVSUP.NAVSUP WEAPON SYSTEMS SUPPORT.NAVSUP WSS MECHANICSBURG.NAVSUP WEAPON SYSTEMS SUPPORT MECH,2026-06-22T16:30:00-04:00,80
c9fefc24faa4427fab42f1ba7c27b8ca,"MCAS YUMA, Arizona , Fuel Storage Services and Management, GOCO",DEPT OF DEFENSE.DEFENSE LOGISTICS AGENCY.DLA ENERGY.DLA ENERGY,2026-06-08T15:00:00-04:00,85
c2789ca53a1c4ae8a559f95a8f87c80e,"61--CABLE ASSEMBLY,SWIT",DEPT OF DEFENSE.DEPT OF THE NAVY.NAVSUP.NAVSUP WEAPON SYSTEMS SUPPORT.NAVSUP WSS MECHANICSBURG.NAVSUP WEAPON SYSTEMS SUPPORT MECH,2026-05-27T16:30:00-04:00,85
bf7f79a5b34640b882e520cdd6b391f2,6540--Multicolor Scan Laser Photocoagulator,"VETERANS AFFAIRS, DEPARTMENT OF.VETERANS AFFAIRS, DEPARTMENT OF.244-NETWORK CONTRACT OFFICE 4 (36C244)",2026-05-06T16:00:00-04:00,85
be4d5dafe97d4f85876e9a153e58e2ff,Golf Cart Rental for Columbus AFB,DEPT OF DEFENSE.DEPT OF THE AIR FORCE.AIR EDUCATION AND TRAINING COMMAND.FA3022 14 CONS LGCA,2026-05-15T11:00:00-05:00,60
c9dcf0b0b1d34b17a97de4fdc2a66043,CH-53K: FY26 O-Level Peculiar Support Equipment Group G,DEPT OF DEFENSE.DEPT OF THE NAVY.NAVAIR.NAVAIR NAWC AD.NAVAIR WARFARE CTR AIRCRAFT DIV,2026-05-13T13:00:00-04:00,80
c79ed9797c6e4b449df5639b5e34efc6,"1355-01-436-4620 CWFP CABLE ASSY, ADCAP F/MK48 MODS 6 AND 7 TORPEDOES",DEPT OF DEFENSE.DEPT OF THE NAVY.NAVSUP.NAVSUP WEAPON SYSTEMS SUPPORT.NAVSUP WSS MECHANICSBURG.NAVSUP WEAPON SYSTEMS SUPPORT MECH,2026-06-09T14:00:00-04:00,85
c661da762ac54aa483ac4e1b24a5dd6a,NYARNG Raw Subsistence Delivery - 2 Locations,DEPT OF DEFENSE.DEPT OF THE ARMY.NATIONAL GUARD BUREAU.JFHQ USPFO NY.USPFO NY PROCUREMENT.W7NR USPFO ACTIVITY NY ARNG,2026-04-29T12:00:00-04:00,85
d3a754a3d90d495eb56031522bbc1f16,"48--SEAT,VALVE",DEPT OF DEFENSE.DEPT OF THE NAVY.NAVSUP.NAVSUP WEAPON SYSTEMS SUPPORT.NAVSUP WSS MECHANICSBURG.NAVSUP WEAPON SYSTEMS SUPPORT MECH,2026-04-27T16:30:00-04:00,85
c8538f7acd0540c0bd23511ca7d975cd,X-RAY STAND,DEPT OF DEFENSE.DEFENSE LOGISTICS AGENCY.DLA MARITIME.DLA MARITIME SHIPYARDS.DLA MARITIME - PUGET SOUND,2026-04-21T10:00:00-07:00,85
ed56ff4945ed49658cd224270f678178,Solicitation-N00383-26-Q-FA84,DEPT OF DEFENSE.DEPT OF THE NAVY.NAVSUP.NAVSUP WEAPON SYSTEMS SUPPORT.NAVSUP WSS PHILADELPHIA.NAVSUP WEAPON SYSTEMS SUPPORT,2026-05-15T14:00:00-04:00,85
fe2b0b6028f74baf9d31da633797b693,Water Handling for Regions 3 and 8,"AGRICULTURE, DEPARTMENT OF.FOREST SERVICE.USDA-FS PPS INCIDENT PROCUREMENT",2026-05-11T05:00:00,85
c3ecf215e8064ae1879f5d5cc59535d4,"DUCT, FAN, AIRCRAFT G","DEPT OF DEFENSE.DEFENSE LOGISTICS AGENCY.DLA AVIATION.DLA AVIATION OKLAHOMA CITY.DLA AVIATION AT OKLAHOMA CITY, OK",2026-05-29T15:00:00-05:00,85
c0b95c90143242e4b7c852920217a3f7,AMENDMENT Q522-- VHSO Teleradiology Services- Fayetteville  (564),"VETERANS AFFAIRS, DEPARTMENT OF.VETERANS AFFAIRS, DEPARTMENT OF.256-NETWORK CONTRACT OFFICE 16 (36C256)",2026-05-07T12:00:00-05:00,60
bf22ff30d5e548b3bd7f1b10e8d261fc,"CONDUCTOR, AAC, ALL ALUMINUM","ENERGY, DEPARTMENT OF.ENERGY, DEPARTMENT OF.WESTERN-UPPER GREAT PLAINS REGION",2026-05-08T23:00:00-06:00,60
ffd9b1d33e2a4fe69a490e8df6fc7114,"VALVE ASSEMBLY,ENVI","DEPT OF DEFENSE.DEFENSE LOGISTICS AGENCY.DLA AVIATION.DLA AVIATION PHILADELPHIA.DLA AVIATION AT PHILADELPHIA, PA",2026-04-29T16:30:00-04:00,82
bf988861a43541eb9fb9e9f9db21fd7e,FY26 Georgetown Harbor OM Navigation Dredging ,DEPT OF DEFENSE.DEPT OF THE ARMY.US ARMY CORPS OF ENGINEERS.ENGINEER DIVISION SOUTH ATLANTIC.ENDIST CHARLESTON.W074 ENDIST CHARLESTON,2026-05-08T12:00:00-04:00,60
bf8e7a1cd0594a168101055e9c40b014,"CASE, ELECTRICAL-ELECTRONIC TEST AND MEASURING EQUIPMENT",DEPT OF DEFENSE.DEFENSE LOGISTICS AGENCY.DLA LAND.DLA LAND WARREN MICHIGAN.DLA LAND WARREN,2026-05-22T16:00:00-04:00,80
f4aa0b26e176448abb991a9b06fb0145,Servers,DEPT OF DEFENSE.DEPT OF THE NAVY.NAVSUP.NAVSUP GLOBAL LOGISTICS SUPPORT.NAVSUP FLC JACKSONVILLE.NAVSUP FLT LOG CTR JACKSONVILLE,2026-04-27T10:00:00-04:00,85
f3daf79b839246a5b2b354a1cada2b62,Replace NPS Dorms Locksets,DEPT OF DEFENSE.DEPT OF THE AIR FORCE.AIR EDUCATION AND TRAINING COMMAND.FA3010  81 CONS CC,2026-04-28T09:00:00-05:00,85
f26877cb7ece41bf97970836446b6841,Radio Frequency Identification,DEPT OF DEFENSE.DEPT OF THE AIR FORCE.AIR FORCE MATERIEL COMMAND.AIR FORCE SUSTAINMENT CENTER.FA8136  AFSC PZIOB,2026-04-29T16:00:00-04:00,85
f1b045a6f1244d6da68e8fb9e445cd79,Pacific Amphibious Leaders Symposium (PALS) 2026 - Catering Opportunity,DEPT OF DEFENSE.DEPT OF THE NAVY.USMC.MARCORP I&L.MARINE CORPS INSTALLATIONS COMMAND.MCIPAC.COMMANDING OFFICER,2026-05-01T08:00:00-10:00,85
effde1d7a6244dc780525862106ef9d6,"70--DISPLAY SERVER, IN REPAIR/MODIFICATION OF",DEPT OF DEFENSE.DEPT OF THE NAVY.NAVSUP.NAVSUP WEAPON SYSTEMS SUPPORT.NAVSUP WSS MECHANICSBURG.NAVSUP WEAPON SYSTEMS SUPPORT MECH,2026-05-26T16:00:00-04:00,85
bf6667efda6f4dccae7c7850f3d3e717,58--THERMAL IMAGING SYS,DEPT OF DEFENSE.DEPT OF THE NAVY.NAVSUP.NAVSUP WEAPON SYSTEMS SUPPORT.NAVSUP WSS MECHANICSBURG.NAVSUP WEAPON SYSTEMS SUPPORT MECH,2026-05-15T16:00:00-04:00,80
ffe5c5ab1f174935b1f4652cdbb03520,"Boiler, Water Heater, and Chiller Preventive Maintenance & Repairs at the Santa Fe and Taos-Picuris Service Unit","HEALTH AND HUMAN SERVICES, DEPARTMENT OF.INDIAN HEALTH SERVICE.ALBUQUERQUE AREA INDIAN HEALTH SVC",2026-05-19T12:30:00-06:00,80
ff97f7d503d54029a4df92a4e89c9bdc,"Ground Based Strategic Deterrent (GBSD) Integrated Training Center (ITC), F.E. Warren AFB, WY",DEPT OF DEFENSE.DEPT OF THE ARMY.US ARMY CORPS OF ENGINEERS.ENGINEER DIVISION NORTHWESTERN.ENDIST OMAHA.W071 ENDIST OMAHA,2026-05-04T14:00:00-05:00,85
fc5172d5d776418297fdc03f0b4460aa,Concrete forms,DEPT OF DEFENSE.DEPT OF THE ARMY.NATIONAL GUARD BUREAU.JFHQ USPFO WV.USPFO WV PROCUREMENT.W7N7 USPFO ACTIVITY WV ARNG,2026-05-08T16:00:00-04:00,80
fa8a37e4711242bea64447350601cfdc,Conventional Ammunition Demilitarization,DEPT OF DEFENSE.DEPT OF THE ARMY.AMC.ACC.ACC-CTRS.ACC RI.W6QK ACC-RI,2026-05-19T18:00:00-05:00,85
f7c6253e0bc64f249864b380b49d53b7,Z--Provide Rehab Repairs to Control Tower and Observa,"INTERIOR, DEPARTMENT OF THE.NATIONAL PARK SERVICE.SER EAST MABO(51000)",2026-05-15T13:00:00-04:00,60
f6c6d534da4c484cb3304ea717729838,NX EQ Sterilizer Unit Low Temperature (VA-26-00033650),"VETERANS AFFAIRS, DEPARTMENT OF.VETERANS AFFAIRS, DEPARTMENT OF.SAC FREDERICK (36C10X)",2026-05-28T12:00:00-04:00,60
f61e6ff8d863446e8347f430639a1100,LCAAP Contaminated Waste Plant Construction,DEPT OF DEFENSE.DEPT OF THE ARMY.US ARMY CORPS OF ENGINEERS.ENGINEER DIVISION NORTHWESTERN.ENDIST KANSAS CITY.W071 ENDIST KANSAS CITY,2026-06-05T14:00:00-05:00,85
f584e3c0334a422ab15e72b6d780759a,"BAR,METAL",DEPT OF DEFENSE.DEPT OF THE NAVY.NAVSUP.NAVSUP WEAPON SYSTEMS SUPPORT.NAVSUP WSS MECHANICSBURG.NAVSUP WEAPON SYSTEMS SUPPORT MECH,2026-05-15T16:30:00-04:00,85
f30d8658ae87464d8f09c2d9c8e991a5,SOLE SOURCE OEM SIMS PUMP VALVE FIRE PUMP PARTS,DEPT OF DEFENSE.DEPT OF THE NAVY.NAVSUP.NAVSUP GLOBAL LOGISTICS SUPPORT.NAVSUP FLC PUGET SOUND.NAVSUP FLT LOG CTR PUGET SOUND,2026-05-05T10:00:00-07:00,85
f24add747a5c4247b410bc0fb843eaa1,Y1DZ--NRM - CONSTR PROJ - 630-26-102 Design Build HVAC Bldgs. 4  and 5,"VETERANS AFFAIRS, DEPARTMENT OF.VETERANS AFFAIRS, DEPARTMENT OF.242-NETWORK CONTRACT OFFICE 02 (36C242)",2026-05-13T15:00:00-04:00,60
f17157b2baab4990b7289d5a7df82d1c,Catalog of U.S. Publications System Migration,UNITED STATES GOVERNMENT PUBLISHING OFFICE.UNITED STATES GOVERNMENT PUBLISHING OFFICE.Acquisition Services,2026-05-20T15:00:00-04:00,85
ee7dfdd9979542d0b0bf11811599cfd3,PN 92107 SOF Mission Command Center,DEPT OF DEFENSE.DEPT OF THE ARMY.US ARMY CORPS OF ENGINEERS.ENGINEER DIVISION SOUTH ATLANTIC.ENDIST WILMINGTON.W074 ENDIST WILMINGTON,2026-05-26T12:00:00-04:00,85
ecf7d65136d14b6194a8aed626cd1f0d,Watervliet Arsenal Pest & Vegetation Control Services,DEPT OF DEFENSE.DEPT OF THE ARMY.AMC.ACC.ACC-CTRS.ACC-DTA.W6QK ACC WVA,2026-05-06T10:00:00-04:00,60
eb0bd55578ef4d70b709be0902c98fa0,"1377 - 1377-01-692-4231, JP18 - JSF Cartridges as attached.",DEPT OF DEFENSE.DEPT OF THE NAVY.NAVSUP.NAVSUP WEAPON SYSTEMS SUPPORT.NAVSUP WSS MECHANICSBURG.NAVSUP WEAPON SYSTEMS SUPPORT MECH,2026-05-29T13:00:00-04:00,85
ea1794606fa540ee9ebaa027ed26d4b8,VAARNG Dental Services BPA,DEPT OF DEFENSE.DEPT OF THE ARMY.NATIONAL GUARD BUREAU.JFHQ USPFO VA.USPFO VA PROCUREMENT.W7N5 USPFO ACTIVITY VA ARNG,2026-05-07T11:00:00-04:00,85
e790869237d047369377fdbf88c4948f,Repair Ft. Griffin Ave (Phase 5),DEPT OF DEFENSE.DEPT OF THE AIR FORCE.AIR EDUCATION AND TRAINING COMMAND.FA3030  17 CONS CC,2026-06-01T09:00:00-05:00,60
e72eba76bfdc408ea5706f232d77bb62,HPSA Zip Code Crosswalk,"HEALTH AND HUMAN SERVICES, DEPARTMENT OF.CENTERS FOR MEDICARE AND MEDICAID SERVICES.OFC OF ACQUISITION AND GRANTS MGMT",2026-05-15T16:00:00-04:00,85
be6569ef395f4d5ab212405897fe2341,SPRTA1-26-R-0240 NSN: 2935-01-503-4386rv,"DEPT OF DEFENSE.DEFENSE LOGISTICS AGENCY.DLA AVIATION.DLA AVIATION OKLAHOMA CITY.DLA AVIATION AT OKLAHOMA CITY, OK",2026-06-01T15:00:00-05:00,85
e3d6c361fd634e778313fab273dc365e,Cabin Pressure Testers,DEPT OF DEFENSE.DEPT OF THE AIR FORCE.AIR FORCE MATERIEL COMMAND.AIR FORCE SUSTAINMENT CENTER.FA8125  AFSC PZIMA,2026-05-15T12:00:00-05:00,85
e379cc47b6a8405891fab4c0def2cfa2,"Procurement of BOLT,SHOULDER",DEPT OF DEFENSE.DEPT OF THE NAVY.NAVSUP.NAVSUP WEAPON SYSTEMS SUPPORT.NAVSUP WSS MECHANICSBURG.NAVSUP WEAPON SYSTEMS SUPPORT MECH,2026-05-04T16:30:00-04:00,85
e1d3a69aa4374c6d8ddb96cb78197abe,"43--PUMPING UNIT,HYDRAU, IN REPAIR/MODIFICATION OF",DEPT OF DEFENSE.DEPT OF THE NAVY.NAVSUP.NAVSUP WEAPON SYSTEMS SUPPORT.NAVSUP WSS MECHANICSBURG.NAVSUP WEAPON SYSTEMS SUPPORT MECH,2026-06-30T17:00:00-04:00,85
bd226a684f74469194906a327c7320ea,Water for Injection/Pure Steam Generation and Distribution Systems Maintenance,DEPT OF DEFENSE.DEFENSE HEALTH AGENCY (DHA).DEFENSE HEALTH AGENCY,2026-05-04T11:00:00-04:00,85
47ae857bcfed4affb4953280b02ab4fa,46--Assateague Island National Seashore - REPLACE SEPT,"INTERIOR, DEPARTMENT OF THE.NATIONAL PARK SERVICE.NER SERVICES MABO (43000)",2026-04-30T12:00:00-04:00,85
f5fe40f7625d462fbbf7cc97963b9251,Mobile Tactical Cannon (MTC) Request for Prototype Proposal,DEPT OF DEFENSE.DEPT OF THE ARMY.AMC.ACC.ACC-CTRS.ACC-DTA.W6QK ACC- DTA,2026-04-23T16:00:00-04:00,85
ed0c130434f54bfe980b04845634d4aa,Furnishing Movement BPA,DEPT OF DEFENSE.DEPT OF THE AIR FORCE.AIR EDUCATION AND TRAINING COMMAND.FA3022 14 CONS LGCA,2026-05-20T12:00:00-05:00,85
f9122a1c4f0040e7950e97cf7de26e8a,"Modernize Elevators NRM Construction  Project  636A6-22-500  VA Central Iowa Health Care System (VACIHCS)  Des Moines, IA 50310","VETERANS AFFAIRS, DEPARTMENT OF.VETERANS AFFAIRS, DEPARTMENT OF.PCAC (36C776)",2026-05-06T13:00:00-04:00,85
fd5b3f953ae3496694b02835cd820bc3,Collection & Waste Disposal,DEPT OF DEFENSE.DEPT OF THE ARMY.AMC.ACC.ACC-CTRS.ACC-APG.W6QK ACC-APG CONT CT TYAD OFC,2026-05-12T12:00:00-04:00,85
f17ba37067be420380b25c7659472c0a,INDICATOR GROUP,DEPT OF DEFENSE.DEPT OF THE NAVY.NAVSUP.NAVSUP WEAPON SYSTEMS SUPPORT.NAVSUP WSS MECHANICSBURG.NAVSUP WEAPON SYSTEMS SUPPORT MECH,2026-05-04T17:00:00-04:00,85
ca74bd7ddb554383a10c2ed11e71a6ae,"7RH 5841-01-646-5802 EX RA,AIRCRAFT,MATERIA","DEPT OF DEFENSE.DEFENSE LOGISTICS AGENCY.DLA AVIATION.DLA AVIATION PHILADELPHIA.DLA AVIATION AT PHILADELPHIA, PA",2026-05-28T11:59:00-04:00,85
cf77e9ee8e3d446eb391bba33624db02,"INSERT, CONNECTOR",DEPT OF DEFENSE.DEPT OF THE NAVY.NAVSUP.NAVSUP WEAPON SYSTEMS SUPPORT.NAVSUP WSS PHILADELPHIA.NAVSUP WEAPON SYSTEMS SUPPORT,2026-06-01T16:30:00-04:00,85
ce5f49be4a81445593a8576a85ba86ef,"CONTROL,BLADE FOLD","DEPT OF DEFENSE.DEFENSE LOGISTICS AGENCY.DLA AVIATION.DLA AVIATION PHILADELPHIA.DLA AVIATION AT PHILADELPHIA, PA",2026-05-18T16:30:00-04:00,85
cbe9adcae6d842c295881d3f5cf65195,Mass Comparator,DEPT OF DEFENSE.DEPT OF THE ARMY.AMC.ACC.ACC-CTRS.ACC RSA.W6QK ACC-RSA,2026-05-18T12:00:00-05:00,85
df64bbb4b6b34beea6c14c4fc52e5fe1,George Washington and Jefferson National Forests,"TRANSPORTATION, DEPARTMENT OF.FEDERAL HIGHWAY ADMINISTRATION.693C73 EASTERN FED LANDS DIVISION",2026-04-28T14:00:00-04:00,85
df28a59b1d844545ab57527bd1538f29,INL Colombia Handheld X-Ray Imagers,"STATE, DEPARTMENT OF.STATE, DEPARTMENT OF.ACQUISITIONS - INL",2026-05-14T15:00:00-04:00,85
ded066f9d8134ca580514bba038a6820,Cylinder Assembly,DEPT OF DEFENSE.DEFENSE LOGISTICS AGENCY.DLA LAND.DLA LAND WARREN MICHIGAN.DLA LAND WARREN,2026-06-01T13:00:00-04:00,85
f1b8b1bcc6484e918c03707974663953,Whiteriver Hospital Construction,"HEALTH AND HUMAN SERVICES, DEPARTMENT OF.INDIAN HEALTH SERVICE.DIV OF ENGINEERING SVCS - SEATTLE",2026-05-28T14:00:00-07:00,85
db4a5868a74e4e0e9bd367f2a92badaf,Food Services FBI Headquarters,"JUSTICE, DEPARTMENT OF.FEDERAL BUREAU OF INVESTIGATION.FBI-JEH",2026-06-08T12:00:00-04:00,85
db2197067e3649479f2634c64b0da634,N0038326PR0R107 FMS Repair,DEPT OF DEFENSE.DEPT OF THE NAVY.NAVSUP.NAVSUP WEAPON SYSTEMS SUPPORT.NAVSUP WSS PHILADELPHIA.NAVSUP WEAPON SYSTEMS SUPPORT,2026-05-07T16:00:00-04:00,85
dae40cd2434d4ac495eb982cba1a0fa5,"1-1/8"" SWIVEL AND LINK ASSEMBLY","HOMELAND SECURITY, DEPARTMENT OF.US COAST GUARD.SFLC PROCUREMENT BRANCH 3(00040)",2026-05-14T10:00:00-04:00,60
d9ae58997f064400bac12b1af1a4b99b,Precision Strike Missile (PrSM) Increment 4 Prototype Request for Solutions,DEPT OF DEFENSE.DEPT OF THE ARMY.AMC.ACC.ACC-CTRS.ACC RSA.W6QK ACC-RSA,2026-05-22T17:00:00-05:00,85
d971d6e1be6143878317588351c64935,Mobile Ordnance Training Team (MOTT),DEPT OF DEFENSE.DEPT OF THE NAVY.NAVSUP.NAVSUP GLOBAL LOGISTICS SUPPORT.NAVSUP FLC SAN DIEGO.NAVSUP FLT LOG CTR  SAN DIEGO,2026-05-11T09:00:00-07:00,85
d794601431da4bb0bb0a9d78a490cfb3,"SPRMM1-26-Q-GB23-GATE, VALVE, 10 IN.",DEPT OF DEFENSE.DEFENSE LOGISTICS AGENCY.DLA MARITIME.DLA MARITIME MECHANICSBURG.SPRMM1 DLA MECHANICSBURG,2026-05-15T16:00:00-04:00,85
d773bb05d3e64b21b0ac32ea2950e845,Request for Whitepapers: AEDC Velocity Alliance - A Multi-Billion Dollar OTA Consortium Opportunity,DEPT OF DEFENSE.DEPT OF THE AIR FORCE.AIR FORCE MATERIEL COMMAND.AIR FORCE TEST CENTER.FA9101  AEDC PKP   PROCRMNT BR,2030-09-30T17:00:00-05:00,85
eb673413aaf64d06a86a2c4bb3830a5e,Southeast Regional Architecture Engineering 2 (SERAE 2) Indefinite Delivery Indefinite Quantity (IDIQ) contract,NATIONAL AERONAUTICS AND SPACE ADMINISTRATION.NATIONAL AERONAUTICS AND SPACE ADMINISTRATION.NASA KENNEDY SPACE CENTER,2026-05-27T14:00:00-04:00,60
e6820c49a93c4927b42e714df9b48232,"SCREW,CAP,HEXAGON H",DEPT OF DEFENSE.DEPT OF THE NAVY.NAVSUP.NAVSUP WEAPON SYSTEMS SUPPORT.NAVSUP WSS MECHANICSBURG.NAVSUP WEAPON SYSTEMS SUPPORT MECH,2026-04-24T16:30:00-04:00,85
e242394a21a8443187364259b525a579,Bose Aircrew Headsets and Accessories (Brand Name),DEPT OF DEFENSE.DEPT OF THE AIR FORCE.AIR COMBAT COMMAND.FA4809  4TH CONS SQ CC,2026-04-29T13:00:00-04:00,85
e0055d96fe274fd782c7d0673514cf10,"PACKING,PREFORMED",DEPT OF DEFENSE.DEPT OF THE NAVY.NAVSUP.NAVSUP WEAPON SYSTEMS SUPPORT.NAVSUP WSS MECHANICSBURG.NAVSUP WEAPON SYSTEMS SUPPORT MECH,2026-05-01T16:30:00-04:00,85
df3ad0d857a2421c9242722f85b56e6e,DOOR ASSEMBLY,DEPT OF DEFENSE.DEPT OF THE NAVY.NAVSUP.NAVSUP WEAPON SYSTEMS SUPPORT.NAVSUP WSS MECHANICSBURG.NAVSUP WEAPON SYSTEMS SUPPORT MECH,2026-05-30T16:30:00-04:00,80
de9384dc4b924767ac9d8bda32aa3aac,Agricultural Lease-NAS OCEANA UNIT -01 Approx. 316.10 Acres LO-11310,DEPT OF DEFENSE.DEPT OF THE NAVY.NAVFAC.NAVFAC ATLANTIC CMD.NAVFAC MID-ATLANTIC.NAVFACSYSCOM MID-ATLANTIC,2026-05-26T14:00:00-04:00,85
dddb007d806f41529b5650c70255f205,FY26 Lab Consolidation for Coagulation CPRR Effort,DEPT OF DEFENSE.DEFENSE HEALTH AGENCY (DHA).DEFENSE HEALTH AGENCY HCD WEST,2026-05-14T13:00:00-07:00,85
dcc4b9d7c5294f87b458e1ea12b99a26,V212--New Wheelchair Solicitation FY26  (VA-26-00001159),"VETERANS AFFAIRS, DEPARTMENT OF.VETERANS AFFAIRS, DEPARTMENT OF.245-NETWORK CONTRACT OFFICE 5 (36C245)",2026-05-01T15:00:00-04:00,60
7d272827f6194edfa5ef700b717d0629,USS BLUE RIDGE (LCC-19) 5C1 DSRA 3819P24302A02,DEPT OF DEFENSE.DEPT OF THE NAVY.NAVSUP.NAVSUP GLOBAL LOGISTICS SUPPORT.NAVSUP FLC YOKOSUKA.NAVSUP FLT LOG CTR  YOKOSUKA,2026-04-22T10:00:00+09:00,85
e20430d52abc434784ad8db184c07ca7,"Hose, Sandblast",DEPT OF DEFENSE.DEFENSE LOGISTICS AGENCY.DLA MARITIME.DLA MARITIME SHIPYARDS.DLA MARITIME - PEARL HARBOR,2026-04-23T08:00:00-10:00,85
c43193f1ecd74994ac5ad65915cbb08e,"METER,REMOTE READOU",DEPT OF DEFENSE.DEPT OF THE NAVY.NAVSUP.NAVSUP WEAPON SYSTEMS SUPPORT.NAVSUP WSS MECHANICSBURG.NAVSUP WEAPON SYSTEMS SUPPORT MECH,2026-04-24T16:30:00-04:00,85
f0f57ac007124080b67f9f5059acd0fa,Request for Whitepapers: Advanced NAV-WAR Open Air (ANOA) System,DEPT OF DEFENSE.DEPT OF THE AIR FORCE.AIR FORCE MATERIEL COMMAND.AIR FORCE TEST CENTER.FA9101  AEDC PKP   PROCRMNT BR,2026-05-29T17:00:00-05:00,85
9a7b9559cff442a3976c66600b16f10e,MCAS Beaufort Washers and Dryers,DEPT OF DEFENSE.DEPT OF THE NAVY.USMC.MARCORP I&L.MARINE CORPS INSTALLATIONS COMMAND.MCIEAST.COMMANDING GENERAL,2024-04-24T15:00:00-04:00,85
f1d6a2f0aff2453ea43a4a1a9f934d41,INTENT TO SOLE SOURCE OEM SIMS PUMP VALVE CO CENTRIFUGAL PUMPS,DEPT OF DEFENSE.DEPT OF THE NAVY.NAVSUP.NAVSUP GLOBAL LOGISTICS SUPPORT.NAVSUP FLC PUGET SOUND.NAVSUP FLT LOG CTR PUGET SOUND,2026-05-04T13:00:00-04:00,60
bb4612f4ee8a42fa9546b738a15d9105,UGR-M Dehydrated Items,DEPT OF DEFENSE.DEFENSE LOGISTICS AGENCY.TROOP SUPPORT SUBSISTENCE.DLA TROOP SUPPORT,2026-05-29T15:00:00-04:00,85
b6cf5ac978d44f098e0fa3a5af08719a,R501-26 REPAIR WELL 4A INCLUDING PHYSICAL SECURITY @ B2329 UT,DEPT OF DEFENSE.DEPT OF THE NAVY.NAVFAC.NAVFAC PACIFIC CMD.NAVFAC SOUTHWEST SW.NAVFACSYSCOM SOUTHWEST,2026-04-30T17:00:00-07:00,60
b5d3e2ddfa7e4f65a898d87f0b1302ce,"LIP SEAL, 3RD AND 4",DEPT OF DEFENSE.DEPT OF THE NAVY.NAVSUP.NAVSUP WEAPON SYSTEMS SUPPORT.NAVSUP WSS MECHANICSBURG.NAVSUP WEAPON SYSTEMS SUPPORT MECH,2026-05-30T16:30:00-04:00,85
d4c0063e9dc44adca7673d08ef9e3409,"Power, Takeoff, Trans",DEPT OF DEFENSE.DEFENSE LOGISTICS AGENCY.DLA LAND.DLA LAND WARREN MICHIGAN.DLA LAND WARREN,2026-06-03T15:00:00-04:00,85
ff68379f6c9141e8ae8295ce91080b91,Aircraft Trainer Repair at Columbus AFB,DEPT OF DEFENSE.DEPT OF THE AIR FORCE.AIR EDUCATION AND TRAINING COMMAND.FA3022 14 CONS LGCA,2026-05-08T12:00:00-05:00,85
fcead17c020b4364b58d83188f7f5b6c,Radio Frequency Identification,DEPT OF DEFENSE.DEPT OF THE AIR FORCE.AIR FORCE MATERIEL COMMAND.AIR FORCE SUSTAINMENT CENTER.FA8136  AFSC PZIOB,2026-04-29T16:00:00-04:00,85
f8965ee667c845bdbe63be28c1d57e3e,STRUCTURAL BEAM/PLATE METAL,DEPT OF DEFENSE.DEPT OF THE NAVY.NAVSUP.NAVSUP GLOBAL LOGISTICS SUPPORT.NAVSUP FLC PUGET SOUND.NAVSUP FLT LOG CTR PUGET SOUND,2026-04-29T11:00:00-07:00,85
ed2aeff6c59343e487a8268c05659b25,ANTENNA CONTROL SUB,"DEPT OF DEFENSE.DEFENSE LOGISTICS AGENCY.DLA AVIATION.DLA AVIATION PHILADELPHIA.DLA AVIATION AT PHILADELPHIA, PA",2026-05-04T17:00:00-04:00,85
fc769b528ea84cd1873fc5aa3e38e0a0,"SEAT,VALVE",DEPT OF DEFENSE.DEPT OF THE NAVY.NAVSUP.NAVSUP WEAPON SYSTEMS SUPPORT.NAVSUP WSS MECHANICSBURG.NAVSUP WEAPON SYSTEMS SUPPORT MECH,2026-05-08T16:30:00-04:00,85
bf5f9ed90d5c4c2aa52cbcb7aa03712a,"REPLACE AND REPAIR FIRE PROTECTION SYSTEMS, CFAC",DEPT OF DEFENSE.DEPT OF THE NAVY.NAVFAC.NAVFAC PACIFIC CMD.NAVFAC FAR EAST.NAVFACSYSCOM FAR EAST,2026-05-12T14:00:00+09:00,85
c860f5c5c51b4acb9f0aa42639857f64,ONR Code 32 Admin/FM/Technical Support for Organization Code 032/Ocean Battlespace Sensing,DEPT OF DEFENSE.DEPT OF THE NAVY.ONR.ONR HQS.OFFICE OF NAVAL RESEARCH,2026-05-18T13:00:00-04:00,85
f42099a4b32d47f888760f6726b2b66f,"Security Services, Cape Cod Canal, Bourne, MA",DEPT OF DEFENSE.DEPT OF THE ARMY.US ARMY CORPS OF ENGINEERS.ENGINEER DIVISION NORTH ATLANTIC.ENDIST NEW ENGLAND.W2SD ENDIST NEW ENGLAND,2026-04-29T14:00:00-04:00,85
f5f2ee7e8b0540cc98974fca5d1aa94a,"AMENDMENT 0002 Solicitation; FA890326R0019; Optimized Remediation Contract at Fairchild Air Force Base, Washington",DEPT OF DEFENSE.DEPT OF THE AIR FORCE.AIR FORCE MATERIEL COMMAND.AF INSTALLATION & MISSION SUPPORT CENTER.FA8903  772 ESS PK,2026-05-11T17:00:00-05:00,85
cc409ef3c911474c9975b1090844206f,SPRMM1-26-Q-GD21-DISPLAY UNIT,DEPT OF DEFENSE.DEFENSE LOGISTICS AGENCY.DLA MARITIME.DLA MARITIME MECHANICSBURG.SPRMM1 DLA MECHANICSBURG,2026-05-18T16:30:00-04:00,85
d2290d51d3ed472fa8a049786d065ac8,39--CABLE ROLLER ASSEMB,DEPT OF DEFENSE.DEPT OF THE NAVY.NAVSUP.NAVSUP WEAPON SYSTEMS SUPPORT.NAVSUP WSS MECHANICSBURG.NAVSUP WEAPON SYSTEMS SUPPORT MECH,2026-05-11T16:30:00-04:00,85
d7469be6348d41e7943dbe382f97fbff,Heavy Equipment for West Zone Regions 5 and 6,"AGRICULTURE, DEPARTMENT OF.FOREST SERVICE.USDA-FS PPS INCIDENT PROCUREMENT",2026-05-03T16:00:00-07:00,70
d595839c56ca4cfa853480c57a1d40ec,Cyber MAC,DEPT OF DEFENSE.DEPT OF THE NAVY.NAVSEA.NAVSEA WARFARE CENTER.NSWC PHILADELPHIA DIV,2026-05-26T16:00:00-05:00,85
d3ee22c975ed43b6a5d978677b3426bb,F/A-18 LTC RENEWAL,DEPT OF DEFENSE.DEPT OF THE NAVY.NAVSUP.NAVSUP WEAPON SYSTEMS SUPPORT.NAVSUP WSS PHILADELPHIA.NAVSUP WEAPON SYSTEMS SUPPORT,2026-05-25T17:00:00-04:00,82
cfd9168439c54621ac368c6a2968d8dd,Marketplace for Acquisition of Professional Services (MAPS),DEPT OF DEFENSE.DEPT OF THE ARMY.W6QK ACC-APG,2026-05-08T17:00:00-04:00,85
d1d8004e447d47a4b3d7dcc3baae1d89,IRRIGATION SYSTEM MAINTENANCE AND REPAIRS AT INDEP,"INTERIOR, DEPARTMENT OF THE.NATIONAL PARK SERVICE.NER SERVICES MABO (43000)",2026-05-29T12:00:00-04:00,80
c3a2fb099e6e4fc5939f66bab50903fb,N--CERC C3 Chiller Replacement,"INTERIOR, DEPARTMENT OF THE.US GEOLOGICAL SURVEY.OFC OF ACQUSITION  GRANTS-NATIONAL",2026-04-30T17:00:00-05:00,60
b98c9d67d89946639c2b95bc3dced70c,Spofford Circuit,DEPT OF DEFENSE.DEPT OF THE AIR FORCE.AIR EDUCATION AND TRAINING COMMAND.FA3099  47 CONF CC,2026-05-08T14:00:00-05:00,80
b6fbaa41d92b44428e1431e2e56a48ec,Boost Pump Test Hose in support of the United States Marine Corps (USMC) H-1 Helicopter Program,DEPT OF DEFENSE.DEPT OF THE NAVY.NAVAIR.NAVAIR NAWC AD.NAVAIR WARFARE CTR AIRCRAFT DIV,2026-05-29T13:00:00-04:00,85
f20f34dc728e4706bad03fc2745fbd01,"SHAFT,STRAIGHT",DEPT OF DEFENSE.DEPT OF THE NAVY.NAVSUP.NAVSUP WEAPON SYSTEMS SUPPORT.NAVSUP WSS MECHANICSBURG.NAVSUP WEAPON SYSTEMS SUPPORT MECH,2026-06-15T16:30:00-04:00,85
e9631fa691d346cf86bb2706086c4c74,FAIRING ASSEMBLY - AND SIMILAR REPLACEMENT PARTS,DEPT OF DEFENSE.DEPT OF THE NAVY.NAVSUP.NAVSUP WEAPON SYSTEMS SUPPORT.NAVSUP WSS PHILADELPHIA.NAVSUP WEAPON SYSTEMS SUPPORT,2026-05-18T14:00:00-04:00,85
dfc56ef7416947ff9ca9959d6d9b40e2,GelSight GS Mobile System Purchase,NATIONAL AERONAUTICS AND SPACE ADMINISTRATION.NATIONAL AERONAUTICS AND SPACE ADMINISTRATION.NASA SHARED SERVICES CENTER,2026-04-28T13:00:00-05:00,85
a25ca1b869214102bcd578361cab00db,PN 92107 SOF Mission Command Center,DEPT OF DEFENSE.DEPT OF THE ARMY.US ARMY CORPS OF ENGINEERS.ENGINEER DIVISION SOUTH ATLANTIC.ENDIST WILMINGTON.W074 ENDIST WILMINGTON,2026-05-26T12:00:00-04:00,80
9e68aa30b0414400abf2d6ea6bfaf685,"NNSY TOC ""TOTAL ORGANIC CARBON"" ANALYZER",DEPT OF DEFENSE.DEPT OF THE NAVY.NAVSEA.NAVSEA SHIPYARD.NORFOLK NAVAL SHIPYARD GF,2026-04-27T12:00:00-04:00,85
c57df6d93a614c359a510d36ab7ec03d,Lowell National Historical Park - REPLACE COOLING ,"INTERIOR, DEPARTMENT OF THE.NATIONAL PARK SERVICE.NER SERVICES MABO (43000)",2026-06-10T12:00:00-04:00,85
93dcaa09ef864e16a6d12df49a3316aa,DUSN (M) ITD IT Related Services,DEPT OF DEFENSE.DEPT OF THE NAVY.NAVSUP.NAVSUP GLOBAL LOGISTICS SUPPORT.NAVSUP FLC NORFOLK.NAVSUP FLT LOG CTR NORFOLK,2026-05-29T12:00:00-04:00,60
c1802ee00c954053a7bd2f07cf861d53,NV DESERT NWR CLEANING CONTRACT,"INTERIOR, DEPARTMENT OF THE.US FISH AND WILDLIFE SERVICE.FWS, SAT TEAM 1",2026-05-01T17:00:00-04:00,60
d39880c1f0d040e6a36b265fab6fba70,Screening Equipment Deployment Services (SEDS) - Checkpoint (CP),"HOMELAND SECURITY, DEPARTMENT OF.TRANSPORTATION SECURITY ADMINISTRATION.SECURITY TECHNOLOGY",2026-06-02T11:00:00-04:00,85
e50c4e27a77248d989a3f545ee7682ae,29-day Dry Cargo Time Charter,DEPT OF DEFENSE.DEPT OF THE NAVY.MSC.MSC HQS.MSCHQ NORFOLK,2026-04-29T10:00:00-04:00,85
dd05fe864ed74f839f6d88b8bb8ffa9c,"IDIQ MACC Commercial and Institutional Building Construction, Southern California and Arizona",DEPT OF DEFENSE.DEPT OF THE NAVY.NAVFAC.NAVFAC PACIFIC CMD.NAVFAC SOUTHWEST SW.NAVFACSYSCOM SOUTHWEST,2026-05-26T14:00:00-07:00,85
ecbc6ddfaa314e7c9e251138944d393c,X-Ray Luggage Scanner,DEPT OF DEFENSE.DEPT OF THE AIR FORCE.AIR COMBAT COMMAND.FA4819  325 CONS PKP,2026-05-06T13:00:00-05:00,85
baedac715ce44f2992efbfe8bb640394,"HOSE ASSY, A/C, #10",DEPT OF DEFENSE.DEPT OF THE NAVY.NAVSUP.NAVSUP WEAPON SYSTEMS SUPPORT.NAVSUP WSS MECHANICSBURG.NAVSUP WEAPON SYSTEMS SUPPORT MECH,2026-05-30T16:30:00-04:00,85
e3e03b2f6a944b129c0632ddede67a70,U.S. Navy (USN) Tactical Combat Training System Increment II (TCTS II) and United States Air Force (USAF) equivalent P6 combat Training System (P6CTS),DEPT OF DEFENSE.DEPT OF THE NAVY.NAVAIR.NAVAIR NAWC TSD.NAWC TRAINING SYSTEMS DIV,2026-05-18T10:00:00-04:00,85
bfb6b948cc8a4c038ffe9376af0bc515,HVAC Repairs and Fan Coil Unit Troubleshooting - U.S. Coast Guard Station Little Creek,"HOMELAND SECURITY, DEPARTMENT OF.US COAST GUARD.BASE PORTSMOUTH(00027)",2026-05-13T17:00:00-04:00,60
eae80c1cf3364c3c88c11af0f77cbf83,MQ-25 Weapon Skid Adapter,DEPT OF DEFENSE.DEPT OF THE NAVY.NAVAIR.NAVAIR NAWC AD.NAVAIR WARFARE CTR AIRCRAFT DIV,2026-05-01T14:00:00-04:00,85
e0e91101953d48fd9cc10a48beb8b738,Fall Protection Equipment (COMBO) Solicitation/Synopsis,DEPT OF DEFENSE.DEPT OF THE AIR FORCE.AIR FORCE MATERIEL COMMAND.AIR FORCE SUSTAINMENT CENTER.FA8571  MAINT CONTRACTING AFSC PZIM,2026-05-05T14:00:00-04:00,85
e0294cc2f41f49eaa0c731dde2e4c1a2,"Mississippi River, Baton Rouge to Gulf, Southwest Pass Hopper Dredge Contract No. 1-2026 (OM26001)",DEPT OF DEFENSE.DEPT OF THE ARMY.US ARMY CORPS OF ENGINEERS.ENGINEER DIVISION MISSISSIPPI VALLEY.ENDIST NEW ORLEANS.W07V ENDIST NEW ORLEANS,2026-06-09T10:30:00-05:00,60
dcb3b4c3431b441cbaad3b35c88f88e3,Aircraft Preservation BAFB,DEPT OF DEFENSE.DEPT OF THE AIR FORCE.AIR FORCE GLOBAL STRIKE COMMAND.FA4608  2 CONS LGC,2026-05-12T13:30:00-05:00,80
dd12e845745943949a2fde09b6a5c01e,Amendment 0006 to Solicitation Number SPE608-26-R-0200 3.7 Domestic Ship's Bunkers Program,DEPT OF DEFENSE.DEFENSE LOGISTICS AGENCY.DLA ENERGY.DLA ENERGY,2026-05-06T15:00:00-04:00,85
f4e55e5f9b4241109ac141931a9cefdb,"NBU-7 (LCU-1633) Install, Airport Battle Cover",DEPT OF DEFENSE.DEPT OF THE NAVY.NAVSUP.NAVSUP GLOBAL LOGISTICS SUPPORT.NAVSUP FLC YOKOSUKA.NAVSUP FLT LOG CTR  YOKOSUKA,2026-05-15T10:00:00+09:00,85
f38c7e8e57d24550bcfc2a88ce174648,"X1DB-Florence, KY CBOC New Replacing- 36C25025R0029 - SDVSOB Set Aside","VETERANS AFFAIRS, DEPARTMENT OF.VETERANS AFFAIRS, DEPARTMENT OF.250-NETWORK CONTRACT OFFICE 10 (36C250)",2026-05-07T15:00:00-04:00,60
f2a18a81a528413fb9fa819466fea688,F--68HERL26R0005,"ENVIRONMENTAL PROTECTION AGENCY.ENVIRONMENTAL PROTECTION AGENCY.LAND, ENFORCEMENT, AND AIR DIVISION",2026-05-01T17:00:00-04:00,60
fad64bb822844cb4ad9842ebf794ba8b,Motorized Trail Equipment Rental,"AGRICULTURE, DEPARTMENT OF.FOREST SERVICE.USDA-FS, CSA EAST 6",2026-05-21T17:00:00-04:00,60
e4552e1ab42545a5bacaf47c0bb3aeab,49--TEST SET SUBASSEMBL,DEPT OF DEFENSE.DEPT OF THE NAVY.NAVSUP.NAVSUP WEAPON SYSTEMS SUPPORT.NAVSUP WSS MECHANICSBURG.NAVSUP WEAPON SYSTEMS SUPPORT MECH,2026-06-22T16:30:00-04:00,80
decd2b95b6ed4fa1a12b34ad0acb68c2,POWER SUPPLY,"DEPT OF DEFENSE.DEFENSE LOGISTICS AGENCY.DLA AVIATION.DLA AVIATION PHILADELPHIA.DLA AVIATION AT PHILADELPHIA, PA",2026-05-18T16:30:00-04:00,85
ebd208c497584fbab7621a532d688b67,"R--Appraisal services: BLK (171C4 and 171C5) Green, K","INTERIOR, DEPARTMENT OF THE.DEPARTMENTAL OFFICES.IBC ACQ SVCS DIRECTORATE (00004)",2026-04-28T17:00:00-04:00,60
e650557cecb0468dbd9737aaac3254ed,"DLA Maritime, NSN-5998-01-705-0456",DEPT OF DEFENSE.DEFENSE LOGISTICS AGENCY.DLA MARITIME.DLA MARITIME MECHANICSBURG.SPRMM1 DLA MECHANICSBURG,2026-06-24T14:00:00-04:00,82
e34c4a42f26b4c9c828be3a7fdc5e55f,HVAC Duct Cleaning,DEPT OF DEFENSE.DEPT OF THE NAVY.NAVFAC.NAVFAC ATLANTIC CMD.NAVFAC MID-ATLANTIC.NAVFACSYSCOM MID-ATLANTIC,2026-05-11T16:00:00-04:00,60
e26500d093b24abea3335d9966761395,ELECTRIC PLUG END SEAL ASSY,DEPT OF DEFENSE.DEFENSE LOGISTICS AGENCY.DLA MARITIME.DLA MARITIME SHIPYARDS.DLA MARITIME - PUGET SOUND,2026-04-29T11:00:00-07:00,85
e1c1f56d44354906a5295a175c47e599,"CYLINDER,WATER","DEPT OF DEFENSE.DEFENSE LOGISTICS AGENCY.DLA AVIATION.DLA AVIATION PHILADELPHIA.DLA AVIATION AT PHILADELPHIA, PA",2026-05-08T23:59:00-04:00,85
dc65a8f22ebb454784193f1854544015,47 -- CONNECTOR PORT,DEPT OF DEFENSE.DEPT OF THE NAVY.NAVSUP.NAVSUP WEAPON SYSTEMS SUPPORT.NAVSUP WSS MECHANICSBURG.NAVSUP WEAPON SYSTEMS SUPPORT MECH,2026-05-26T23:59:00-04:00,60
d8bf549104b44904bb75b8033f19a148,U.S. Senate Web Dev 4,"SENATE, THE.THE UNITED STATES SENATE SERGEANT AT ARMS.SENATE SERGEANT AT ARMS",2026-05-04T12:00:00-04:00,85
ddcdbbcf3bbe446a8e7ec1a681d6b730,USNS LUCY STONE (T-AO 209) Steam Kettles,DEPT OF DEFENSE.DEPT OF THE NAVY.MSC.MSC HQS.MSCHQ NORFOLK,2026-05-08T13:00:00-04:00,85
ceaf3dcceb5f4b66a91e591bd0c45c60,Non-Tactical Vehicle Lease for CJTF HOA,DEPT OF DEFENSE.DEPT OF THE NAVY.NAVFAC.NAVFAC ATLANTIC CMD.NAVFAC EUR SWA.NAVFACSYSCOM EUROPE AFRICA CENTRAL,2026-05-06T12:00:00+01:00,85
d2f8116212ae4f098efa7397b4f013db,"P993/995, F-35 Aircraft Sustainment Center and Composite Repair Facility located at the Marine Corps Air Station (MCAS) Cherry Point, NC",DEPT OF DEFENSE.DEPT OF THE NAVY.NAVFAC.NAVFAC ATLANTIC CMD.NAVFAC MID-ATLANTIC.NAVFACSYSCOM MID-ATLANTIC,2026-05-20T14:00:00-04:00,85
d0578740373f46b4b1a4a4d26597e809,Engineering Pathway Courseware,DEPT OF DEFENSE.DEPT OF DEFENSE EDUCATION ACTIVITY (DODEA).DOD EDUCATION ACTIVITY,2026-04-28T12:00:00-04:00,85
d6267b4f41424873bb862f488871a89f,Power Distributing Console,DEPT OF DEFENSE.DEFENSE LOGISTICS AGENCY.DLA LAND.DLA LAND WARREN MICHIGAN.DLA LAND WARREN,2026-05-28T17:00:00-04:00,85
e49a6f48a18648a59c2354f76dc718a9,Solicitation_Elevating Mechanism Assembly,DEPT OF DEFENSE.DEPT OF THE ARMY.AMC.ACC.ACC-CTRS.ACC-DTA.W6QK ACC- DTA,2026-05-27T15:00:00-04:00,85
e75b384feff54fddbad65abd8416ae34,N041 - HAYW 26-2011 Replace HVAC B122,DEPT OF DEFENSE.DEPT OF THE ARMY.NATIONAL GUARD BUREAU.JFHQ USPFO CA.USPFO CA PROCUREMENT.W7MX USPFO ACTIVITY CAANG 144,2026-05-22T13:00:00-07:00,85
d5cb76bf9eae4f58ab50a471510840f1,Draft Request for Proposal (RFP) #2 W519TC-26-R-0001 and Virtual Industry Day for the Special Ammunition and Weapon Systems (SAWS) and Non-NATO Commercial Ammunition acquisition,DEPT OF DEFENSE.DEPT OF THE ARMY.AMC.ACC.ACC-CTRS.ACC RI.W6QK ACC-RI,2026-05-04T17:00:00-04:00,60
d334f2f757b744eaae8ac1ce7710328b,"H--OLYM Fire Extinguisher inspection, service and rep","INTERIOR, DEPARTMENT OF THE.NATIONAL PARK SERVICE.PWR OLYM MABO(83000)",2026-05-01T13:00:00-07:00,60
d01a220a3e5c40259b6397b33cd40ab3,54--Big Sandy NRCD Stock Tanks,"INTERIOR, DEPARTMENT OF THE.BUREAU OF LAND MANAGEMENT.ARIZONA STATE OFFICE",2026-05-01T15:00:00-07:00,60
c9c045ed33f14b6cbffc9baf924f1894,USNS LUCY STONE Steering Gear Parts,DEPT OF DEFENSE.DEPT OF THE NAVY.MSC.MSC HQS.MSCHQ NORFOLK,2026-04-30T13:00:00-04:00,85
c8a2b26722e64018b73289dc45a05b97,"HURREVAC and RtePM - Operations and Maintenance (O and M) In support of Planning Division, Baltimore, MD",DEPT OF DEFENSE.DEPT OF THE ARMY.US ARMY CORPS OF ENGINEERS.ENGINEER DIVISION NORTH ATLANTIC.ENDIST BALTIMORE.W2SD ENDIST BALTIMORE,2026-05-27T13:00:00-05:00,85
c633923e037a4cd5801b39117ec793dc,MNCC ICA,DEPT OF DEFENSE.DEPT OF THE NAVY.NAVSUP.NAVSUP GLOBAL LOGISTICS SUPPORT.NAVSUP FLC NORFOLK.NAVSUP FLT LOG CTR NORFOLK,2026-05-04T17:00:00-05:00,85
c2a6c57e2cf6436a92777f4c6cb3fe76,"Tinker AFB MACBOA WWYK210116 Replace HVAC System, B285",DEPT OF DEFENSE.DEPT OF THE AIR FORCE.AIR FORCE MATERIEL COMMAND.AIR FORCE SUSTAINMENT CENTER.FA8137  AFSC PZIOC,2026-06-15T15:00:00-05:00,60
b9156300c8ae4351ac32396d3f4a5468,"ERCIP Microgrid and Power Generation Infrastructure at White Sands Missile Range (WSMR) - Las Cruces, New Mexico",DEPT OF DEFENSE.DEPT OF THE ARMY.US ARMY CORPS OF ENGINEERS.ENGINEER DIVISION GREAT LAKES AND OHIO.ENDIST LOUISVILLE.W072 ENDIST LOUISVILLE,2026-05-19T14:00:00-04:00,82
c638f6ec67a84f0787653d740a078726,"USS HIGGINS (DDG-76) FY26 6C1 SRA BUNDLE 2, Yokosuka Japan",DEPT OF DEFENSE.DEPT OF THE NAVY.NAVSUP.NAVSUP GLOBAL LOGISTICS SUPPORT.NAVSUP FLC YOKOSUKA.NAVSUP FLT LOG CTR  YOKOSUKA,2026-05-06T10:00:00+09:00,85
c8e3fe7f1360470886ad55a55465d66c,"CABLE ASSEMBLY, POWER",DEPT OF DEFENSE.DEFENSE LOGISTICS AGENCY.DLA MARITIME.DLA MARITIME SHIPYARDS.DLA MARITIME - PEARL HARBOR,2026-05-02T16:00:00-10:00,85
c70a590719bf4b7a88f18a439e8b8870,"PARTS KIT,ROTARY PU","DEPT OF DEFENSE.DEFENSE LOGISTICS AGENCY.DLA AVIATION.DLA AVIATION OKLAHOMA CITY.DLA AVIATION AT OKLAHOMA CITY, OK",2026-05-07T17:00:00-05:00,85
ba35543f8b4a469ca4a323c935808122,"Dispenser,Counterme","DEPT OF DEFENSE.DEFENSE LOGISTICS AGENCY.DLA AVIATION.DLA AVIATION PHILADELPHIA.DLA AVIATION AT PHILADELPHIA, PA",2026-05-04T17:00:00-04:00,85
8a456fd66f9548f8a36ab9eb59a739bd,SCARNG Fire Fighting Safety Equipment,DEPT OF DEFENSE.DEPT OF THE ARMY.NATIONAL GUARD BUREAU.JFHQ USPFO SC.USPFO SC PROCUREMENT.W7NZ USPFO ACTIVITY SC ARNG,2026-05-12T10:00:00-04:00,85
fcc9945b5e2f4ecf95b5967050f586a3,SOF Global Services Delivery (SOFGSD),DEPT OF DEFENSE.US SPECIAL OPERATIONS COMMAND (USSOCOM).HQ USSOCOM,2026-05-28T22:00:00-04:00,80
fd709427f9154a6e9393acb8aa257855,ARMY AMMUNITION MANUFACTURING INNOVATION INDUSTRIAL BASE INTEGRATION TEAM COMMERCIAL SOLUTIONS OPENING REQUEST FOR SOLUTIONS,DEPT OF DEFENSE.DEPT OF THE ARMY.AMC.ACC.ACC-CTRS.ACC RI.W6QK ACC-RI,2026-12-16T12:00:00-06:00,80
f69464f686f4437bae960c5484983f17,Smash Program Announcement,DEPT OF DEFENSE.DEFENSE ADVANCED RESEARCH PROJECTS AGENCY  (DARPA).DEF ADVANCED RESEARCH PROJECTS AGCY,2026-04-29T17:00:00,80
f48e997bb4cb43cbafc4601b23586f12,B1030 UPS Replacement Edwards AFB,DEPT OF DEFENSE.DEPT OF THE AIR FORCE.AIR FORCE MATERIEL COMMAND.AIR FORCE TEST CENTER.FA9302  AFTC PZZ,2026-05-13T09:00:00-07:00,82
e33837da9f0149e6b167fe3759c69fe2,Port PTO Bearing Overhaul_USNS KANAWHA,DEPT OF DEFENSE.DEPT OF THE NAVY.MSC.MSC HQS.MSCHQ NORFOLK,2026-05-07T15:00:00-04:00,85
f097743e9ca64dfa908e5b5f6b145b52,"Solicitation Amendment_26RA004_SWM svc., Kunsan AB.Revised PWS. Change Line Items ",DEPT OF DEFENSE.DEPT OF THE ARMY.AMC.ACC.ACC-OO.411TH CSB.0906 AQ CO     DET B CONTRACTI,2026-05-12T13:00:00+09:00,60
ed16613a115d4094a571e66061034c0a,N0010426QQB26,DEPT OF DEFENSE.DEPT OF THE NAVY.NAVSUP.NAVSUP WEAPON SYSTEMS SUPPORT.NAVSUP WSS MECHANICSBURG.NAVSUP WEAPON SYSTEMS SUPPORT MECH,2026-05-04T16:30:00-04:00,90
DHS-SVIP-2026-FORGERY,DHS SVIP - Preventing Forgery & Counterfeiting,Department of Homeland Security (DHS),2026-12-31T23:59:59-05:00,98
